RMA No.,RMA Date,Name,Account No.,Email Address,Requested On,Items,Quantity,Status,Receiving Center,Last updated on:
2507046,2025-07-25 09:54 AM,Sand Drive LLC,,kyle@sanddrivellc.com,2025-07-25 09:54 AM,1,2,Issued RMA,SECO-LARM USA INC,2025-07-25 09:54 AM
2507051,2025-07-25 09:25 AM,Security Equipment Supply,,mdaugherty@sesonline.com,2025-07-25 09:20 AM,1,1,Issued RMA,SECO-LARM USA INC,2025-07-25 09:25 AM
2507050,2025-07-25 09:25 AM,Refined Systems LLC,,lmoses@refinedsystems.com,2025-07-25 08:34 AM,1,1,Issued RMA,SECO-LARM USA INC,2025-07-25 09:25 AM
2507049,2025-07-25 09:25 AM,Quick Key Inc - Chicago,,yahaira.zamora@bannersolutions.com,2025-07-24 05:11 PM,1,1,Issued RMA,SECO-LARM USA INC,2025-07-25 09:25 AM
2507045,2025-07-24 11:57 AM,End User,,support2@seco-larm.com,2025-07-24 11:57 AM,1,1,Completed,SECO-LARM USA INC,2025-07-24 01:27 PM
2507048,2025-07-25 09:24 AM,BROOKLYN SUPPLY,,raizy@blvs.com,2025-07-23 12:45 PM,1,1,Issued RMA,SECO-LARM USA INC,2025-07-25 09:24 AM
2507052,2025-07-25 01:48 PM,Bob Distributing Inc,,tiffany.roland@bobsdist.com,2025-07-23 12:17 PM,7,8,Issued RMA,SECO-LARM USA INC,2025-07-25 01:48 PM
2507047,2025-07-25 09:20 AM,silmar electronics,,MSOTO@SILMARELECTRONICS.COM,2025-07-23 07:20 AM,1,1,Issued RMA,SECO-LARM USA INC,2025-07-25 09:20 AM
2507053,2025-07-25 01:48 PM,APA Inc,,rma@apainc.ca,2025-07-22 12:15 PM,2,2,Issued RMA,SECO-LARM USA INC,2025-07-25 01:48 PM
2507044,2025-07-22 12:41 PM,ACI,,Igalyazdi@gmail.com,2025-07-22 09:11 AM,2,2,Issued RMA,SECO-LARM USA INC,2025-07-22 12:41 PM
2507038,2025-07-21 01:05 PM,DSG DISTRIBUTORS,,ALLANS@DSGDIST.COM,2025-07-21 01:05 PM,2,3,Issued RMA,SECO-LARM USA INC,2025-07-21 01:05 PM
2507035,2025-07-21 12:56 PM,BANNER SOLUTIONS,,micki.mitchen@bannersolutions.com,2025-07-21 12:56 PM,1,1,Issued RMA,SECO-LARM USA INC,2025-07-21 12:56 PM
2507042,2025-07-21 03:59 PM,Locks Co,,ronnie@locksco.com,2025-07-21 10:15 AM,4,4,Issued RMA,SECO-LARM USA INC,2025-07-21 03:59 PM
2507037,2025-07-21 12:57 PM,D and A Gate and Access Control,,info@dagateaccess.com,2025-07-21 07:50 AM,1,1,Issued RMA,SECO-LARM USA INC,2025-07-21 12:57 PM
2507033,2025-07-18 12:12 PM,Nouveau,,dwhite@nes-tx.com,2025-07-18 12:12 PM,2,5,Issued RMA,SECO-LARM USA INC,2025-07-18 12:12 PM
2507041,2025-07-21 03:59 PM,DWG,,rma@dwgdistribution.com,2025-07-18 11:01 AM,1,1,Issued RMA,SECO-LARM USA INC,2025-07-21 03:59 PM
2507036,2025-07-21 12:56 PM,AVX Tech Warehouse,,warehouse@avx-tech.com,2025-07-18 07:52 AM,1,1,Issued RMA,SECO-LARM USA INC,2025-07-21 12:56 PM
2507029,2025-07-17 02:52 PM,Wesco / Anixter,,ra-west-tri-edus@anixter.wescodist.com,2025-07-17 02:52 PM,1,8,Issued RMA,SECO-LARM USA INC,2025-07-17 02:52 PM
2503014,2025-07-17 02:00 PM,Anixter,,eder.trujillo@anixter.com,2025-07-17 02:00 PM,3,20,Completed,SECO-LARM USA INC,2025-07-17 02:02 PM
2507040,2025-07-21 03:58 PM,ESC SUPPLY,,jglover@esc-supply.com,2025-07-17 09:48 AM,1,1,Issued RMA,SECO-LARM USA INC,2025-07-21 03:58 PM
2507032,2025-07-17 04:24 PM,Security control llc,,alarmdog1961@aol.com,2025-07-17 09:40 AM,1,1,Issued RMA,SECO-LARM USA INC,2025-07-17 04:24 PM
2507028,2025-07-16 02:26 PM,Full protection andina,,gerencialogistica-compras@full-protection.com,2025-07-16 02:26 PM,5,80,Issued RMA,SECO-LARM USA INC,2025-07-16 02:26 PM
2507031,2025-07-17 04:23 PM,Jayso Electronics Corp,,Alan@jayso.com,2025-07-16 11:01 AM,1,1,Issued RMA,SECO-LARM USA INC,2025-07-17 04:23 PM
2507030,2025-07-17 04:23 PM,"Silmar Electronics, Inc.",,tokeefe@silmarelectronics.com,2025-07-16 08:37 AM,1,1,Issued RMA,SECO-LARM USA INC,2025-07-17 04:23 PM
2507043,2025-07-22 07:56 AM,Canal Alarm Devices,,fahad.k@canalalarm.com,2025-07-15 07:33 AM,9,19,Issued RMA,SECO-LARM USA INC,2025-07-22 07:56 AM
2507025,2025-07-14 04:27 PM,T.S DISTRIBUTORS,,etorres@tsdistributors,2025-07-14 08:15 AM,1,1,Waiting to ship out,SECO-LARM USA INC,2025-07-25 09:26 AM
2507024,2025-07-14 04:27 PM,"Optima Security, Inc.",,tom@optimasecurity.com,2025-07-13 10:13 AM,1,1,Issued RMA,SECO-LARM USA INC,2025-07-14 04:27 PM
2507039,2025-07-21 03:58 PM,ADVANTAGE ELECTRONICS LLC,,cj@advantageelectronicsllc.com,2025-07-11 12:55 PM,1,1,Issued RMA,SECO-LARM USA INC,2025-07-21 03:58 PM
2507027,2025-07-15 08:17 AM,Security Options,,support@securityoptionsltd.com,2025-07-10 07:54 AM,1,1,Issued RMA,SECO-LARM USA INC,2025-07-15 08:17 AM
2507026,2025-07-15 08:17 AM,Security Options,,support@securityoptionsltd.com,2025-07-09 10:38 AM,1,1,Issued RMA,SECO-LARM USA INC,2025-07-15 08:17 AM
2507023,2025-07-14 04:26 PM,Silmar Electronics Inc,,pseren@silmarelectronics.com,2025-07-09 06:41 AM,2,2,Issued RMA,SECO-LARM USA INC,2025-07-14 04:26 PM
2507022,2025-07-08 03:16 PM,"INALARM, S.A.",,sales@seco-larm.com,2025-07-08 03:16 PM,18,1623,Completed,SECO-LARM USA INC,2025-07-28 09:56 AM
2507021,2025-07-08 12:23 PM,koa,,cesar@koaedi.com,2025-07-08 12:12 PM,1,1,Completed,SECO-LARM USA INC,2025-07-25 12:11 PM
2507013,2025-07-08 09:55 AM,Lince Comercial S.A.S (Columbia),,laura.sanchez@lincecomercial.com,2025-07-08 09:55 AM,5,7,Awaiting Credit,SECO-LARM USA INC,2025-07-16 03:19 PM
2507020,2025-07-08 11:24 AM,BROOKLYN SUPPLY,,raizy@blvs.com,2025-07-08 09:50 AM,1,1,Issued RMA,SECO-LARM USA INC,2025-07-08 11:24 AM
2507012,2025-07-08 08:54 AM,koa,,cesar@koaedi.com,2025-07-08 08:30 AM,1,1,Completed,SECO-LARM USA INC,2025-07-25 12:36 PM
2506067,2025-07-07 03:07 PM,Cosesa in Guatemala,,marjorie.h@cosesa.com.gt,2025-07-07 03:07 PM,1,1,Completed,SECO-LARM USA INC,2025-07-17 04:10 PM
2507019,2025-07-08 11:24 AM,Access Distribution Centre,,Returns@accessdistributioncentre.com,2025-07-07 01:31 PM,1,3,Awaiting Credit,SECO-LARM USA INC,2025-07-25 09:26 AM
2507018,2025-07-08 11:24 AM,"Tristate Telecom, Inc.",,baila@tristatelvs.com,2025-07-07 11:34 AM,3,4,Issued RMA,SECO-LARM USA INC,2025-07-08 11:24 AM
2507011,2025-07-08 08:54 AM,HSI Security,,Nikole@hsi-security.com,2025-07-07 09:46 AM,1,1,Issued RMA,SECO-LARM USA INC,2025-07-08 08:54 AM
2507017,2025-07-08 11:23 AM,SOUTHWEST AUTOMATED SECURITY,,JHattey@southwestautomated.com,2025-07-07 08:24 AM,1,1,Issued RMA,SECO-LARM USA INC,2025-07-08 11:23 AM
2507010,2025-07-08 08:54 AM,AVX Tech Warehouse,,warehouse@avx-tech.com,2025-07-07 08:09 AM,1,1,Completed,SECO-LARM USA INC,2025-07-25 12:04 PM
2507016,2025-07-08 11:22 AM,Controlled Products Systems Group,,rebecca.ash@controlledproducts.com,2025-07-03 03:55 PM,1,1,Issued RMA,SECO-LARM USA INC,2025-07-08 11:22 AM
2507015,2025-07-08 11:21 AM,Alarm Products Distributors,,rmadepartment@apdmn.com,2025-07-03 09:13 AM,1,1,Issued RMA,SECO-LARM USA INC,2025-07-08 11:21 AM
2507014,2025-07-08 11:21 AM,International Controls and Equipment,,dchippa@icegatesystems.com,2025-07-03 08:43 AM,2,2,Awaiting Credit,SECO-LARM USA INC,2025-07-21 08:37 AM
2507008,2025-07-03 08:35 AM,JLM WHOLESALE,,DENEEN@JLMWHOLESALE.COM,2025-07-03 08:25 AM,1,1,Issued RMA,SECO-LARM USA INC,2025-07-03 08:35 AM
2506066,2025-07-03 08:24 AM,"SILMAR ELECTRONICS, INC",,mparra@silmarelectronics.com,2025-07-03 08:24 AM,1,2,Awaiting Credit,SECO-LARM USA INC,2025-07-16 04:21 PM
2507009,2025-07-03 11:00 AM,koa,,cesar@koaedi.com,2025-07-02 09:42 AM,10,10,Issued RMA,SECO-LARM USA INC,2025-07-03 11:00 AM
2507006,2025-07-03 08:27 AM,Security Fence Inc.,,carsonw@securityfenceinc.net,2025-07-01 12:33 PM,1,1,Completed,SECO-LARM USA INC,2025-07-25 12:12 PM
2507005,2025-07-03 08:25 AM,ESC-SUPPLY,,jmobley@esc-supply.com,2025-07-01 08:22 AM,1,1,Completed,SECO-LARM USA INC,2025-07-25 12:09 PM
2507004,2025-07-03 08:25 AM,T.S DISTRIBUTORS,,etorres@tsdistributors,2025-06-30 08:30 AM,1,1,Completed,SECO-LARM USA INC,2025-07-25 12:05 PM
2507003,2025-07-03 08:25 AM,IMLSS,,sanda.vung@imlss.com,2025-06-27 01:11 PM,1,1,Completed,SECO-LARM USA INC,2025-07-25 12:08 PM
2507007,2025-07-03 08:35 AM,Lone Star Systems Supply,,cynthiav@lonestar-us.com,2025-06-27 12:12 PM,1,1,Issued RMA,SECO-LARM USA INC,2025-07-03 08:35 AM
2507002,2025-07-03 08:25 AM,Alarmax Ft Lauderdale,,derek.bonner3@gmail.com,2025-06-27 12:01 PM,1,1,Issued RMA,SECO-LARM USA INC,2025-07-03 08:25 AM
2507001,2025-07-03 08:25 AM,Alarm Products Distributors,,rmadepartment@apdmn.com,2025-06-27 11:15 AM,1,1,Issued RMA,SECO-LARM USA INC,2025-07-03 08:25 AM
2506065,2025-06-27 10:13 AM,EVELYN ROACH ENTERPRISES,,support@seco-larm.com,2025-06-27 10:13 AM,2,24,Issued RMA,SECO-LARM USA INC,2025-06-27 10:13 AM
2506064,2025-06-27 09:21 AM,Wayne White Counties Electric Coop,,tech.dept@wwcec.com,2025-06-26 12:41 PM,1,1,Completed,SECO-LARM USA INC,2025-07-15 03:35 PM
2506063,2025-06-26 08:48 AM,Beth-El America LLC,,a.skoczylas@be-us.com,2025-06-26 07:34 AM,1,1,Completed,SECO-LARM USA INC,2025-07-25 12:06 PM
2506062,2025-06-25 11:47 AM,Apple Electronics & Security LLC,,mark@applesecure.net,2025-06-25 11:03 AM,1,3,Issued RMA,SECO-LARM USA INC,2025-06-25 11:47 AM
2506061,2025-06-25 11:43 AM,Amazon Operators & Access Control,,jason.amazonoperators@gmail.com,2025-06-25 10:08 AM,1,1,Issued RMA,SECO-LARM USA INC,2025-06-25 11:43 AM
2506060,2025-06-25 11:43 AM,The Systems Depot,,jessica.walling@sdepot.com,2025-06-25 05:38 AM,1,1,Completed,SECO-LARM USA INC,2025-07-15 03:37 PM
2506059,2025-06-25 11:43 AM,Ainsley Bell,,ainsley.bell@anixter.com,2025-06-24 01:00 PM,1,1,Issued RMA,SECO-LARM USA INC,2025-06-25 11:43 AM
2506054,2025-06-24 02:46 PM,"Innovative Security Systems, Inc.",,bbailey@innovativesecurity.com,2025-06-24 12:07 PM,1,2,Issued RMA,SECO-LARM USA INC,2025-06-24 02:46 PM
2506058,2025-06-25 11:43 AM,Southeast Access Technologies,,shannon@seaccesstech.com,2025-06-24 11:29 AM,1,2,Completed,SECO-LARM USA INC,2025-07-21 07:54 AM
2506053,2025-06-23 04:41 PM,CKG Incorporated,,mountainviewrvandboatstorage@gmail.com,2025-06-23 04:34 PM,1,1,Awaiting Credit,SECO-LARM USA INC,2025-07-25 09:26 AM
2506052,2025-06-20 12:07 PM,Pre-Wire Solutions,,jgprewire@gmail.com,2025-06-20 11:01 AM,1,1,Issued RMA,SECO-LARM USA INC,2025-06-20 12:07 PM
2506051,2025-06-20 12:07 PM,MultiSales Inc.,,purchasing@MultiSalesInc.com,2025-06-20 08:24 AM,1,1,Completed,SECO-LARM USA INC,2025-07-07 10:38 AM
2506057,2025-06-25 11:43 AM,Wesco,,Whitney.Green@anixter.com,2025-06-19 01:35 PM,1,1,Waiting to ship out,SECO-LARM USA INC,2025-07-14 11:39 AM
2506056,2025-06-25 11:42 AM,Wesco,,Whitney.Green@anixter.com,2025-06-19 01:26 PM,1,1,Waiting to ship out,SECO-LARM USA INC,2025-07-14 11:39 AM
2506055,2025-06-25 11:42 AM,Southwest Automated Security,,mletteer@southwestautomated.com,2025-06-19 01:11 PM,1,1,Completed,SECO-LARM USA INC,2025-07-21 07:53 AM
2506050,2025-06-19 01:05 PM,"The Security Source, Inc.",,msteffancin@thesecuritysourceinc.com,2025-06-19 12:32 PM,1,1,Completed,SECO-LARM USA INC,2025-07-07 10:36 AM
2506048,2025-06-19 01:04 PM,Security Options,,support@securityoptionsltd.com,2025-06-19 12:08 PM,1,1,Issued RMA,SECO-LARM USA INC,2025-06-19 01:04 PM
2506047,2025-06-19 12:01 PM,Alarmax Ft Lauderdale,,derek.bonner3@gmail.com,2025-06-19 09:56 AM,1,1,Issued RMA,SECO-LARM USA INC,2025-06-19 12:01 PM
2506049,2025-06-19 01:04 PM,Ainsley Bell,,ainsley.bell@anixter.com,2025-06-19 09:05 AM,1,1,Issued RMA,SECO-LARM USA INC,2025-06-19 01:04 PM
2506031,2025-06-19 12:00 PM,Southwest Automated Security,,anthony@southwestautomated.com,2025-06-18 04:13 PM,1,1,Completed,SECO-LARM USA INC,2025-07-07 10:36 AM
2506043,2025-06-18 10:54 AM,UPS Delivery Refusal,,support@seco-larm.com,2025-06-18 10:54 AM,1,2,Issued RMA,SECO-LARM USA INC,2025-06-18 10:54 AM
2506046,2025-06-19 11:59 AM,Wesco,,Whitney.Green@anixter.com,2025-06-18 08:46 AM,1,1,Waiting to ship out,SECO-LARM USA INC,2025-07-14 11:44 AM
2506041,2025-06-17 02:23 PM,T.S DISTRIBUTORS,,etorres@tsdistributors,2025-06-17 02:16 PM,1,1,Completed,SECO-LARM USA INC,2025-07-25 12:13 PM
2506040,2025-06-17 01:20 PM,UPS Delivery Refusal,,support@seco-larm.com,2025-06-17 01:20 PM,1,2,Issued RMA,SECO-LARM USA INC,2025-06-17 01:20 PM
2506045,2025-06-19 11:59 AM,Security Data Supply,,VGraves@securitydatasupply.com,2025-06-17 12:48 PM,1,2,Completed,SECO-LARM USA INC,2025-07-09 11:19 AM
2506039,2025-06-16 04:17 PM,UPS Delivery Refusal,,support@seco-larm.com,2025-06-16 04:17 PM,2,2,Completed,SECO-LARM USA INC,2025-06-26 10:42 AM
2506042,2025-06-17 02:24 PM,Castle Gate Systems,,cody@castlegatesystems.com,2025-06-16 01:56 PM,1,1,Completed,SECO-LARM USA INC,2025-07-25 12:07 PM
2506044,2025-06-19 11:59 AM,Wesco,,Dominic.Stigler@Anixter.com,2025-06-16 09:07 AM,1,1,Issued RMA,SECO-LARM USA INC,2025-06-19 11:59 AM
2506038,2025-06-13 01:57 PM,Quick key Locksmith,,storequickkey@gmail.com,2025-06-13 01:14 PM,1,1,Completed,SECO-LARM USA INC,2025-07-07 10:35 AM
2506034,2025-06-13 12:26 PM,BROOKLYN SUPPLY,,raizy@blvs.com,2025-06-13 07:51 AM,1,1,Completed,SECO-LARM USA INC,2025-07-15 03:38 PM
2506033,2025-06-13 12:26 PM,silmar electronics,,MSOTO@SILMARELECTRONICS.COM,2025-06-13 07:00 AM,1,1,Completed,SECO-LARM USA INC,2025-07-07 10:34 AM
2506037,2025-06-13 12:57 PM,Alarm Products Distributors,,rmadepartment@apdmn.com,2025-06-12 02:13 PM,1,4,Issued RMA,SECO-LARM USA INC,2025-06-13 12:57 PM
2506036,2025-06-13 12:55 PM,Wesco,,Whitney.Green@anixter.com,2025-06-12 12:36 PM,1,1,Completed,SECO-LARM USA INC,2025-07-09 11:19 AM
2506032,2025-06-13 12:26 PM,Electronic Entry Distributors,,ltacheny@electronicentrydistributors.com,2025-06-12 08:44 AM,1,1,Waiting to ship out,SECO-LARM USA INC,2025-07-08 10:29 AM
2506030,2025-06-12 08:10 AM,BROOKLYN SUPPLY,,raizy@blvs.com,2025-06-11 06:23 PM,1,1,Completed,SECO-LARM USA INC,2025-07-15 03:38 PM
2506035,2025-06-13 12:55 PM,Banner Solutions,,yahaira.zamora@bannersolutions.com,2025-06-11 04:43 PM,1,1,Completed,SECO-LARM USA INC,2025-07-09 10:24 AM
2506029,2025-06-12 08:10 AM,Angie Henyan,,familyhistorymystery@yahoo.com,2025-06-11 03:12 PM,1,1,Issued RMA,SECO-LARM USA INC,2025-06-12 08:10 AM
2506026,2025-06-11 01:07 PM,A to Z Security and Sound,,carlton@atozsecurityandsound.com,2025-06-11 12:32 PM,1,5,Awaiting management approval,SECO-LARM USA INC,2025-07-22 11:37 AM
2506025,2025-06-11 01:06 PM,Bobby Bolin,,bbolin@thinkdsc.com,2025-06-11 11:30 AM,1,1,Issued RMA,SECO-LARM USA INC,2025-06-11 01:06 PM
2506024,2025-06-11 01:06 PM,PAM DISTRIBUTING,,vwarren@pamdist.com,2025-06-11 08:59 AM,1,1,Completed,SECO-LARM USA INC,2025-07-07 09:52 AM
2506023,2025-06-11 01:06 PM,BROOKLYN SUPPLY,,raizy@blvs.com,2025-06-10 07:16 PM,1,1,Completed,SECO-LARM USA INC,2025-07-15 03:49 PM
2506017,2025-06-10 03:53 PM,"SILMAR ELECTRONICS, INC",,mparra@silmarelectronics.com,2025-06-10 03:53 PM,1,2,Completed,SECO-LARM USA INC,2025-07-09 10:24 AM
2506022,2025-06-11 01:06 PM,Redrock Fence,,redrockfence@comcast.net,2025-06-10 12:58 PM,1,1,Completed,SECO-LARM USA INC,2025-07-15 10:34 AM
2506018,2025-06-11 10:59 AM,"QoreTech, Inc.",,datzent83@gmail.com,2025-06-10 12:55 PM,1,1,Issued RMA,SECO-LARM USA INC,2025-06-11 10:59 AM
2504011,2025-06-10 12:46 PM,BROOKLYN SUPPLY,,raizy@blvs.com,2025-06-10 12:46 PM,4,59,Completed,SECO-LARM USA INC,2025-07-09 08:28 AM
2506021,2025-06-11 01:06 PM,Design Security Contrlo,,hpinillos@thinkDSC.com,2025-06-10 11:35 AM,1,1,Issued RMA,SECO-LARM USA INC,2025-06-11 01:06 PM
2506028,2025-06-11 01:25 PM,PIONEER MUSIC COMPANY,,WARRANTY@PMCAV.COM,2025-06-10 10:05 AM,2,2,Issued RMA,SECO-LARM USA INC,2025-06-11 01:25 PM
2506027,2025-06-11 01:25 PM,"Tristate Telecom, Inc.",,baila@tristatelvs.com,2025-06-10 08:21 AM,1,1,Waiting to ship out,SECO-LARM USA INC,2025-07-08 10:25 AM
2506016,2025-06-09 01:45 PM,A1 SECURITY SUPPLY,,WILL@A1ALARM.COM,2025-06-09 01:45 PM,4,4,Waiting to ship out,SECO-LARM USA INC,2025-06-23 11:40 AM
2506020,2025-06-11 01:05 PM,The Security Source Inc.,,rblaha@thesecuritysourceinc.com,2025-06-09 11:43 AM,1,1,Issued RMA,SECO-LARM USA INC,2025-06-11 01:05 PM
2506015,2025-06-09 10:20 AM,Power shades,,jaxon.meredith@powershades.com,2025-06-09 10:20 AM,1,5,Completed,SECO-LARM USA INC,2025-06-17 08:55 AM
2506019,2025-06-11 01:05 PM,Security Equipment Supply-BR14,,kbutler@sesonline.com,2025-06-09 09:19 AM,1,1,Issued RMA,SECO-LARM USA INC,2025-06-11 01:05 PM
2506013,2025-06-06 10:53 AM,William McDevitt,,william.mcdevitt@wescodist.com,2025-06-06 08:53 AM,1,1,Issued RMA,SECO-LARM USA INC,2025-06-06 10:53 AM
2506009,2025-06-05 09:26 AM,ALARMAX,,vmarsh@alarmax.com,2025-06-05 09:26 AM,1,2,Completed,SECO-LARM USA INC,2025-07-07 10:35 AM
2506012,2025-06-06 08:49 AM,Global Electro Integration Inc,,global.elect.integration@gmail.com,2025-06-04 09:16 PM,1,1,Issued RMA,SECO-LARM USA INC,2025-06-06 08:49 AM
2506011,2025-06-06 08:49 AM,ESC Supply,,kjones@esc-supply.com,2025-06-04 12:53 PM,2,2,Issued RMA,SECO-LARM USA INC,2025-06-06 08:49 AM
2506010,2025-06-06 08:48 AM,Intermountain Lock & Supply,,matt.klepacz@imlss.com,2025-06-04 11:07 AM,1,1,Issued RMA,SECO-LARM USA INC,2025-06-06 08:48 AM
2506008,2025-06-04 09:06 AM,Winstronics,,winstronics@seco-larm.com,2025-06-04 09:06 AM,1,4,Issued RMA,SECO-LARM USA INC,2025-06-04 09:06 AM
2506007,2025-06-04 08:59 AM,UPS Delivery Refusal,,support@seco-larm.com,2025-06-04 08:59 AM,1,1,Completed,SECO-LARM USA INC,2025-07-03 12:49 PM
2506006,2025-06-03 08:42 AM,A1 SECURITY SUPPLY,,WILL@A1ALARM.COM,2025-06-02 01:27 PM,1,1,Completed,SECO-LARM USA INC,2025-06-18 08:19 AM
2506001,2025-06-02 12:18 PM,Security Concepts Of Metro NY,,mbasora@securityconceptsny.com,2025-06-02 12:18 PM,1,1,Completed,SECO-LARM USA INC,2025-07-07 10:34 AM
2506005,2025-06-03 08:42 AM,R&H WHOLESALE SUPPLY,,jimmy.wallace@rhwholesale.com,2025-06-02 08:32 AM,1,1,Completed,SECO-LARM USA INC,2025-07-09 10:23 AM
2506004,2025-06-03 08:41 AM,Intermountain Lock and Security Supply - IML,,jayson.bly@imlss.com,2025-05-29 09:21 AM,1,1,Waiting to ship out,SECO-LARM USA INC,2025-07-14 11:43 AM
2505056,2025-05-29 07:58 AM,BG Distribution,,Nvoyer@bgdistribution.ca,2025-05-29 07:58 AM,2,2,Completed,SECO-LARM USA INC,2025-07-09 09:17 AM
2506003,2025-06-03 08:39 AM,MultiSales Inc.,,purchasing@MultiSalesInc.com,2025-05-29 07:26 AM,1,1,Completed,SECO-LARM USA INC,2025-06-18 08:20 AM
2505069,2025-05-28 04:35 PM,"Brooker Fence Co., Inc.",,office@brookerfenceco.com,2025-05-28 01:07 PM,1,1,Issued RMA,SECO-LARM USA INC,2025-05-28 04:35 PM
2506014,2025-06-06 12:04 PM,Amazon Operators & Access Control,,jason.amazonoperators@gmail.com,2025-05-28 09:27 AM,1,1,Completed,SECO-LARM USA INC,2025-07-21 07:53 AM
2505061,2025-05-28 08:03 AM,Southwest Automated Security,,tobiemay@aol.com,2025-05-28 08:03 AM,1,1,Completed,SECO-LARM USA INC,2025-06-13 10:55 AM
2505068,2025-05-28 04:28 PM,"Radiotronics, INC",,service@acek9.com,2025-05-28 07:52 AM,3,3,Completed,SECO-LARM USA INC,2025-06-18 08:21 AM
2506002,2025-06-03 08:37 AM,The Systems Depot,,jessica.walling@sdepot.com,2025-05-28 06:57 AM,1,1,Completed,SECO-LARM USA INC,2025-07-09 10:15 AM
2505060,2025-05-27 04:03 PM,Able Locksmiths,,mike.ablelock@gmail.com,2025-05-27 02:34 PM,1,1,Completed,SECO-LARM USA INC,2025-06-13 10:54 AM
2505067,2025-05-28 08:43 AM,Intermountain Lock & Supply,,matt.klepacz@imlss.com,2025-05-27 02:04 PM,1,1,Issued RMA,SECO-LARM USA INC,2025-05-28 08:43 AM
2505059,2025-05-27 03:32 PM,AlarMax Distributors Inc,,elouton@alarmax.com,2025-05-27 01:11 PM,1,1,Completed,SECO-LARM USA INC,2025-06-11 04:34 PM
2505058,2025-05-27 03:32 PM,Broad Point Power Solutions,,bleblanc@broadpointps.com,2025-05-27 12:15 PM,1,1,Completed,SECO-LARM USA INC,2025-06-11 04:33 PM
2505066,2025-05-28 08:43 AM,Security Options,,support@securityoptionsltd.com,2025-05-27 11:46 AM,1,1,Issued RMA,SECO-LARM USA INC,2025-05-28 08:43 AM
2505065,2025-05-28 08:43 AM,ESC SUPPLY,,jglover@esc-supply.com,2025-05-27 08:51 AM,1,1,Completed,SECO-LARM USA INC,2025-07-09 09:42 AM
2505064,2025-05-28 08:43 AM,ESC SUPPLY,,jglover@esc-supply.com,2025-05-27 08:48 AM,1,1,Completed,SECO-LARM USA INC,2025-07-09 09:41 AM
2505063,2025-05-28 08:42 AM,APA Inc,,rma@apainc.ca,2025-05-26 01:16 PM,2,2,Completed,SECO-LARM USA INC,2025-06-19 01:34 PM
2505057,2025-05-27 03:23 PM,David Willson,,willson.david.l@gmail.com,2025-05-23 10:44 AM,1,1,Completed,SECO-LARM USA INC,2025-06-02 04:11 PM
2505055,2025-05-27 10:16 AM,Mon Ã©quilibre,,janie.gagnon@vraidd.ulaval.ca,2025-05-23 09:03 AM,1,1,Issued RMA,SECO-LARM USA INC,2025-05-27 10:16 AM
2505062,2025-05-28 08:42 AM,BANNER SOLUTIONS,,debi.wade@bannersolutions.com,2025-05-22 09:58 AM,1,1,Issued RMA,SECO-LARM USA INC,2025-05-28 08:42 AM
2505054,2025-05-23 08:32 AM,Alarmist Security System,,dillon@alarmist.net,2025-05-21 03:51 PM,1,1,Issued RMA,SECO-LARM USA INC,2025-05-23 08:32 AM
2505053,2025-05-23 08:32 AM,Made Rite Fence Co,,sjump@fencemaderite.com,2025-05-21 10:58 AM,1,1,Completed,SECO-LARM USA INC,2025-06-18 08:18 AM
2505052,2025-05-23 08:32 AM,A1 SECURITY SUPPLY,,WILL@A1ALARM.COM,2025-05-21 09:45 AM,1,1,Completed,SECO-LARM USA INC,2025-06-13 10:49 AM
2505051,2025-05-23 08:32 AM,"TEM Systems, Inc.",,jlongo@temsystems.com,2025-05-21 09:34 AM,1,1,Issued RMA,SECO-LARM USA INC,2025-05-23 08:32 AM
2505050,2025-05-21 09:22 AM,ESC-SUPPLY,,jmobley@esc-supply.com,2025-05-21 09:22 AM,1,1,Completed,SECO-LARM USA INC,2025-06-02 04:10 PM
2505049,2025-05-21 07:38 AM,SECURITY EQUIPMENT SUPPLY,,RETURNS.MEMPHIS@SESONLINE.COM,2025-05-21 06:42 AM,2,2,Completed,SECO-LARM USA INC,2025-06-13 10:56 AM
2505035,2025-05-20 12:23 PM,Wesco/Anixter,,art.artinjian@anixter.com,2025-05-19 02:39 PM,2,2,Completed,SECO-LARM USA INC,2025-06-25 10:28 AM
2505030,2025-05-19 12:57 PM,AVX Tech Warehouse,,warehouse@avx-tech.com,2025-05-19 11:52 AM,1,1,Completed,SECO-LARM USA INC,2025-06-13 04:21 PM
2505034,2025-05-20 12:23 PM,ALARMAX,,AFLETCHER@ALARMAX.COM,2025-05-19 10:33 AM,1,1,Issued RMA,SECO-LARM USA INC,2025-05-20 12:23 PM
2505029,2025-05-19 12:57 PM,AVX Tech Warehouse,,warehouse@avx-tech.com,2025-05-19 06:59 AM,1,1,Completed,SECO-LARM USA INC,2025-06-25 04:20 PM
2505033,2025-05-20 12:23 PM,Wesco,,Whitney.Green@anixter.com,2025-05-19 05:48 AM,1,1,Completed,SECO-LARM USA INC,2025-06-25 10:28 AM
2505028,2025-05-16 01:00 PM,AVX Tech Warehouse,,warehouse@avx-tech.com,2025-05-16 10:48 AM,1,1,Completed,SECO-LARM USA INC,2025-06-02 04:05 PM
2505027,2025-05-16 01:00 PM,Quick Quick Locksmith,,quickquicklocksmith@gmail.com,2025-05-16 10:40 AM,1,1,Issued RMA,SECO-LARM USA INC,2025-05-16 01:00 PM
2505032,2025-05-20 12:23 PM,Wesco,,Whitney.Green@anixter.com,2025-05-15 12:57 PM,1,1,Completed,SECO-LARM USA INC,2025-06-10 01:53 PM
2505026,2025-05-16 01:00 PM,Carolina Wiring Service,,Adam@wiredbycws.com,2025-05-15 08:37 AM,1,1,Issued RMA,SECO-LARM USA INC,2025-05-16 01:00 PM
2505048,2025-05-20 12:37 PM,EOS Trading Corp,,rma.vendors@eostrading.com,2025-05-15 08:21 AM,5,5,Issued RMA,SECO-LARM USA INC,2025-05-20 12:37 PM
2505047,2025-05-20 12:37 PM,EOS Trading Corp,,rma.vendors@eostrading.com,2025-05-15 07:56 AM,5,5,Issued RMA,SECO-LARM USA INC,2025-05-20 12:37 PM
2505031,2025-05-20 12:23 PM,APA Inc,,rma@apainc.ca,2025-05-15 07:19 AM,5,5,Completed,SECO-LARM USA INC,2025-06-19 01:34 PM
2505023,2025-05-14 08:02 AM,"ELITE TECH GROUP, INC.",,harry@securityzonepr.com,2025-05-14 06:54 AM,1,1,Completed,SECO-LARM USA INC,2025-06-25 10:27 AM
2504059,2025-05-13 02:37 PM,SAC TECNOLOGIA,,mordonez@sactecnologia.com,2025-05-13 02:37 PM,1,2,Completed,SECO-LARM USA INC,2025-06-09 02:16 PM
2505024,2025-05-14 03:52 PM,IML Security Supply,,alma.arredondo@imlss.com,2025-05-13 11:55 AM,1,2,Completed,SECO-LARM USA INC,2025-06-25 10:28 AM
2505025,2025-05-16 12:59 PM,Anixter - Canada,,canada.nrc@anixter.com,2025-05-13 09:11 AM,1,1,Completed,SECO-LARM USA INC,2025-06-13 10:52 AM
2505018,2025-05-12 02:56 PM,Hartz Lock Co.,,hartzlock@yahoo.com,2025-05-12 09:33 AM,1,1,Issued RMA,SECO-LARM USA INC,2025-05-12 02:56 PM
2505017,2025-05-12 02:56 PM,James Morris,,jemorris@bellsouth.net,2025-05-12 08:55 AM,1,1,Completed,SECO-LARM USA INC,2025-06-10 02:32 PM
2505016,2025-05-12 02:55 PM,BROOKLYN SUPPLY,,raizy@blvs.com,2025-05-12 08:55 AM,1,1,Completed,SECO-LARM USA INC,2025-07-25 12:03 PM
2505015,2025-05-12 07:43 AM,BROOKLYN SUPPLY,,raizy@blvs.com,2025-05-12 07:08 AM,1,1,Completed,SECO-LARM USA INC,2025-07-15 03:52 PM
2505022,2025-05-12 03:20 PM,Wesco / Anixter,,ra-west-tri-edus@anixter.wescodist.com,2025-05-09 01:05 PM,1,5,Completed,SECO-LARM USA INC,2025-06-25 10:27 AM
2505021,2025-05-12 03:20 PM,A1 SECURITY SUPPLY,,WILL@A1ALARM.COM,2025-05-09 12:16 PM,1,1,Waiting to ship out,SECO-LARM USA INC,2025-06-23 10:01 AM
2505014,2025-05-12 07:42 AM,T.S DISTRIBUTORS,,etorres@tsdistributors,2025-05-09 07:44 AM,1,1,Completed,SECO-LARM USA INC,2025-06-02 04:06 PM
2505013,2025-05-12 07:41 AM,Lockey Suppy,,Jay@lockeysupply.com,2025-05-08 02:23 PM,1,2,Completed,SECO-LARM USA INC,2025-06-10 02:17 PM
2505012,2025-05-12 07:41 AM,DON'S REPAIR SERVICE,,DONM1947@HOTMAIL.COM,2025-05-08 02:14 PM,2,2,Completed,SECO-LARM USA INC,2025-06-11 04:32 PM
2505020,2025-05-12 03:19 PM,SECURITY EQUIPMENT SUPPLY,,RETURNS.MEMPHIS@SESONLINE.COM,2025-05-06 02:45 PM,1,4,Completed,SECO-LARM USA INC,2025-06-25 10:27 AM
2505019,2025-05-12 03:18 PM,SECURITY EQUIPMENT SUPPLY,,returns.indianapolis@sesonline.com,2025-05-06 01:12 PM,1,1,Completed,SECO-LARM USA INC,2025-06-25 10:26 AM
2505010,2025-05-08 04:10 PM,Affordable Gate Systems,,keith.affordablegates@gmail.com,2025-05-02 05:27 PM,1,2,Completed,SECO-LARM USA INC,2025-06-02 04:23 PM
2505011,2025-05-12 07:40 AM,ELECTRONIC PARTS SPECIALISTS,,electrtonicparts@msn.com,2025-05-02 01:32 PM,2,2,Issued RMA,SECO-LARM USA INC,2025-05-12 07:40 AM
2505009,2025-05-02 05:00 PM,ADA Entrance Solutions,,joey@adaentrancesolutions.com,2025-05-02 11:41 AM,1,1,Completed,SECO-LARM USA INC,2025-06-02 04:07 PM
2505008,2025-05-02 07:56 AM,Wicked Core,,deborah@wicked-core.com,2025-05-02 07:49 AM,1,1,Completed,SECO-LARM USA INC,2025-06-10 02:24 PM
2505005,2025-05-02 07:40 AM,Wesco/Anixter,,misty.hayes@anixter.com,2025-05-01 09:59 AM,1,1,Issued RMA,SECO-LARM USA INC,2025-05-02 07:40 AM
2505007,2025-05-02 07:55 AM,The Systems Depot,,jessica.walling@sdepot.com,2025-05-01 09:34 AM,1,1,Completed,SECO-LARM USA INC,2025-07-09 08:28 AM
2505006,2025-05-02 07:55 AM,Wesco,,Whitney.Green@anixter.com,2025-05-01 06:24 AM,1,1,Completed,SECO-LARM USA INC,2025-06-09 02:14 PM
2505004,2025-05-02 07:35 AM,"Logical Decisions, Inc",,peggy@ldi.com,2025-04-30 12:09 PM,1,1,Completed,SECO-LARM USA INC,2025-05-20 01:22 PM
2504058,2025-04-30 11:55 AM,BHC INTEGRATED SUPPORT SERVICES,,MDYKES@ESC-SUPPLY.COM,2025-04-29 12:53 PM,1,1,Completed,SECO-LARM USA INC,2025-06-13 11:03 AM
2505003,2025-05-02 07:31 AM,"Silmar Electronics, Inc.",,cliles@silmarelectronics.com,2025-04-29 12:21 PM,1,1,Issued RMA,SECO-LARM USA INC,2025-05-02 07:31 AM
2505002,2025-05-02 07:31 AM,Canal Alarm Devices,,fahad.k@canalalarm.com,2025-04-29 10:20 AM,1,1,Completed,SECO-LARM USA INC,2025-05-20 01:20 PM
2505001,2025-05-02 07:30 AM,Telepro Communications,,ggarcia@teleprocommunications.com,2025-04-29 08:44 AM,1,1,Issued RMA,SECO-LARM USA INC,2025-05-02 07:30 AM
2504057,2025-04-29 07:41 AM,BHC INTEGRATED SUPPORT SERVICES,,MDYKES@ESC-SUPPLY.COM,2025-04-29 06:02 AM,1,1,Completed,SECO-LARM USA INC,2025-06-13 11:04 AM
2504055,2025-04-28 03:30 PM,"Countryside Locksmith, LLC",,dennis@cslock.com,2025-04-28 02:46 PM,2,2,Issued RMA,SECO-LARM USA INC,2025-04-28 03:30 PM
2504056,2025-04-29 07:40 AM,PIONEER MUSIC COMPANY,,WARRANTY@PMCAV.COM,2025-04-28 10:46 AM,1,1,Completed,SECO-LARM USA INC,2025-06-13 10:50 AM
2505046,2025-05-20 12:37 PM,EOS Trading Corp,,rma.vendors@eostrading.com,2025-04-28 09:17 AM,4,4,Issued RMA,SECO-LARM USA INC,2025-05-20 12:37 PM
2505045,2025-05-20 12:36 PM,EOS Trading Corp,,rma.vendors@eostrading.com,2025-04-28 09:11 AM,5,5,Issued RMA,SECO-LARM USA INC,2025-05-20 12:36 PM
2504050,2025-04-28 08:50 AM,philip Dinnis,,pdinnis@gmail.com,2025-04-28 08:13 AM,1,1,Completed,SECO-LARM USA INC,2025-06-10 02:26 PM
2504051,2025-04-28 08:51 AM,CCTV.NET,,hovik@cctv.net,2025-04-25 04:53 PM,1,2,Completed,SECO-LARM USA INC,2025-06-13 04:20 PM
2504052,2025-04-28 08:51 AM,ELECTRONIC ENTRY DISTRIBUTORS,,rmartin@electronicentrydistributors.com,2025-04-25 03:08 PM,1,1,Completed,SECO-LARM USA INC,2025-06-10 02:21 PM
2504053,2025-04-28 08:51 AM,Twin Stone,,yarlin@twinstonemarble.com,2025-04-25 09:12 AM,1,1,Completed,SECO-LARM USA INC,2025-06-06 10:05 AM
2504054,2025-04-28 08:52 AM,APA DISTRIBUTION,,josm@apainc.ca,2025-04-24 11:42 AM,2,2,Completed,SECO-LARM USA INC,2025-06-25 10:26 AM
2504049,2025-04-24 11:33 AM,Canal Alarm Devices,,fahad.k@canalalarm.com,2025-04-23 12:49 PM,1,1,Completed,SECO-LARM USA INC,2025-06-10 02:11 PM
2504047,2025-04-23 09:28 AM,JPC Security,,Mark@jpconstructs.com,2025-04-23 09:28 AM,1,1,Issued RMA,SECO-LARM USA INC,2025-04-23 09:28 AM
2504048,2025-04-24 11:33 AM,Crime Prevention Technologies,,dandieterle9@gmail.com,2025-04-23 08:56 AM,1,1,Completed,SECO-LARM USA INC,2025-05-20 01:16 PM
2504046,2025-04-23 08:56 AM,SECURITY EQUIPMENT SUPPLY,,cclendenen@sesonline.com,2025-04-23 07:24 AM,1,1,Waiting to ship out,SECO-LARM USA INC,2025-07-14 11:42 AM
2504045,2025-04-23 08:56 AM,Wesco,,Whitney.Green@anixter.com,2025-04-22 08:41 AM,1,1,Completed,SECO-LARM USA INC,2025-06-10 02:31 PM
2504044,2025-04-23 08:47 AM,Remote Access Sales,,peter@remoteaccesssales.com,2025-04-22 07:52 AM,1,1,Completed,SECO-LARM USA INC,2025-05-13 04:42 PM
2504043,2025-04-23 08:47 AM,Texas Safe and Lock,,sales@texassafeandlock.com,2025-04-22 07:36 AM,1,2,Completed,SECO-LARM USA INC,2025-05-20 01:18 PM
2504042,2025-04-23 08:47 AM,BROOKLYN SUPPLY,,raizy@blvs.com,2025-04-21 10:13 AM,1,1,Completed,SECO-LARM USA INC,2025-07-15 03:52 PM
2504041,2025-04-21 09:20 AM,QUIKTRIP FACILITY SUPPORT,,jpratt@sagenet.com,2025-04-21 06:17 AM,2,2,Completed,SECO-LARM USA INC,2025-06-10 02:17 PM
2504038,2025-04-21 09:19 AM,Southwest automated security,,dwalter@southwestautomated.com,2025-04-18 11:50 AM,1,1,Completed,SECO-LARM USA INC,2025-06-09 01:20 PM
2504039,2025-04-21 09:20 AM,donald taylor,,taylordr61@yahoo.com,2025-04-18 10:18 AM,1,1,Completed,SECO-LARM USA INC,2025-05-13 04:36 PM
2504040,2025-04-21 09:20 AM,Alarmax,,Mheller@alarmax.com,2025-04-18 05:39 AM,1,3,Completed,SECO-LARM USA INC,2025-05-13 01:19 PM
2504032,2025-04-17 01:59 PM,AVX Tech Warehouse,,warehouse@avx-tech.com,2025-04-17 01:03 PM,1,1,Completed,SECO-LARM USA INC,2025-06-25 04:20 PM
2505044,2025-05-20 12:36 PM,EOS Trading Corp,,rma.vendors@eostrading.com,2025-04-17 12:24 PM,4,4,Issued RMA,SECO-LARM USA INC,2025-05-20 12:36 PM
2505043,2025-05-20 12:36 PM,EOS Trading Corp,,rma.vendors@eostrading.com,2025-04-17 11:58 AM,5,5,Completed,SECO-LARM USA INC,2025-07-07 10:32 AM
2505042,2025-05-20 12:36 PM,EOS Trading Corp,,rma.vendors@eostrading.com,2025-04-17 10:50 AM,5,5,Issued RMA,SECO-LARM USA INC,2025-05-20 12:36 PM
2505041,2025-05-20 12:36 PM,EOS Trading Corp,,rma.vendors@eostrading.com,2025-04-17 10:27 AM,5,5,Issued RMA,SECO-LARM USA INC,2025-05-20 12:36 PM
2504033,2025-04-18 08:46 AM,James Marra,,jamiemarra@aol.com,2025-04-16 04:40 PM,1,1,Issued RMA,SECO-LARM USA INC,2025-04-18 08:46 AM
2504034,2025-04-18 08:47 AM,T.S DISTRIBUTORS,,etorres@tsdistributors,2025-04-16 12:11 PM,1,1,Completed,SECO-LARM USA INC,2025-05-13 07:48 AM
2504037,2025-04-18 09:02 AM,Alarmax,,Ntaylor@alarmax.com,2025-04-16 11:30 AM,2,2,Completed,SECO-LARM USA INC,2025-06-25 10:23 AM
2504036,2025-04-18 09:02 AM,Gates and controls,,sacramento@gatesandcontrols.com,2025-04-16 11:18 AM,1,1,Completed,SECO-LARM USA INC,2025-06-09 01:20 PM
2504035,2025-04-18 09:02 AM,BANNER SOLUTIONS,,micki.mitchen@bannersolutions.com,2025-04-16 11:14 AM,1,1,Completed,SECO-LARM USA INC,2025-06-09 01:19 PM
2504031,2025-04-16 02:53 PM,Security Equipment Supply,,mdaugherty@sesonline.com,2025-04-16 11:02 AM,1,1,Completed,SECO-LARM USA INC,2025-05-13 07:49 AM
2504030,2025-04-16 09:18 AM,silmar electronics,,MSOTO@SILMARELECTRONICS.COM,2025-04-16 08:15 AM,1,1,Issued RMA,SECO-LARM USA INC,2025-04-16 09:18 AM
2504029,2025-04-16 09:18 AM,silmar electronics,,MSOTO@SILMARELECTRONICS.COM,2025-04-16 08:11 AM,1,1,Completed,SECO-LARM USA INC,2025-05-14 04:27 PM
2504028,2025-04-16 08:48 AM,ALARMAX DISTRIBUTORS,,LOWENS@ALARMAX.COM,2025-04-16 05:43 AM,1,15,Completed,SECO-LARM USA INC,2025-06-09 01:18 PM
2504027,2025-04-15 12:01 PM,Anixter - Canada,,canada.nrc@anixter.com,2025-04-15 11:09 AM,1,1,Completed,SECO-LARM USA INC,2025-06-09 01:14 PM
2504026,2025-04-15 12:00 PM,Crime Prevention Technologies,,dandieterle9@gmail.com,2025-04-15 09:34 AM,1,1,Completed,SECO-LARM USA INC,2025-05-20 01:14 PM
2504025,2025-04-15 11:57 AM,Automated Security Services,,automated@comcast.net,2025-04-15 06:53 AM,1,1,Completed,SECO-LARM USA INC,2025-05-13 04:41 PM
2504024,2025-04-15 11:56 AM,Superior Alarms,,warehouse@superioralarms.com,2025-04-15 05:41 AM,1,1,Issued RMA,SECO-LARM USA INC,2025-04-15 11:56 AM
2504023,2025-04-14 10:40 AM,BROOKLYN SUPPLY,,raizy@blvs.com,2025-04-14 10:40 AM,4,59,Issued RMA,SECO-LARM USA INC,2025-04-14 10:40 AM
2504018,2025-04-14 09:13 AM,"Green Mountain Security E/C, LLC",,keith@greenmtnsecurity.com,2025-04-11 11:56 AM,1,3,Completed,SECO-LARM USA INC,2025-05-14 04:28 PM
2504022,2025-04-14 10:22 AM,Security Equipment Supply,,mlachapelle@sesonline.com,2025-04-11 06:15 AM,1,1,Completed,SECO-LARM USA INC,2025-05-13 04:39 PM
2504017,2025-04-14 09:12 AM,Andiamo Services LLC,,jchamberlain@andiamoservicesllc.com,2025-04-09 02:50 PM,1,1,Issued RMA,SECO-LARM USA INC,2025-04-14 09:12 AM
2504019,2025-04-14 09:13 AM,UHS Hardware,,amanda@uhs-hardware.com,2025-04-09 09:26 AM,1,1,Completed,SECO-LARM USA INC,2025-05-13 04:42 PM
2504016,2025-04-08 04:07 PM,Security Equipment Supply,,CReiber@sesonline.com,2025-04-08 01:52 PM,1,40,Completed,SECO-LARM USA INC,2025-06-09 01:17 PM
2504021,2025-04-14 10:21 AM,ELITE SECURITY SUPPLY LLC,,avo@elitesecuritysupply.com,2025-04-08 10:48 AM,1,3,Completed,SECO-LARM USA INC,2025-06-09 01:15 PM
2504020,2025-04-14 10:21 AM,IML Security Supply,,kyra.fankhauser@imlss.com,2025-04-08 08:16 AM,1,1,Completed,SECO-LARM USA INC,2025-06-25 10:23 AM
2504010,2025-04-07 02:29 PM,Cosesa in Guatemala,,marjorie.h@cosesa.com.gt,2025-04-07 02:29 PM,1,1,Issued RMA,SECO-LARM USA INC,2025-04-07 02:29 PM
2503068,2025-04-04 02:49 PM,Gate Depot,,sales@gatedepot.com,2025-04-04 02:49 PM,1,1,Completed,SECO-LARM USA INC,2025-06-09 02:18 PM
2504015,2025-04-08 03:40 PM,Graybar,,corey.stene@graybar.com,2025-04-04 12:53 PM,1,1,Completed,SECO-LARM USA INC,2025-06-25 10:22 AM
2504009,2025-04-04 12:24 PM,Wesco Anixter Puerto Rico,,ameliadistributioncenter@seco-larm.com,2025-04-04 12:24 PM,4,82,Completed,SECO-LARM USA INC,2025-04-16 12:48 PM
2504012,2025-04-08 03:40 PM,"CC Sandulli Technology Contractor, LLC",,ccsandulli@msn.com,2025-04-04 11:07 AM,1,1,Completed,SECO-LARM USA INC,2025-05-13 07:49 AM
2504004,2025-04-04 08:50 AM,Southwest Automated Security- CHA,,cha-ship@southwestautomated.com,2025-04-04 08:50 AM,1,1,Completed,SECO-LARM USA INC,2025-06-25 10:22 AM
2504006,2025-04-04 08:51 AM,Canal Alarm Devices,,fahad.k@canalalarm.com,2025-04-04 07:32 AM,1,1,Completed,SECO-LARM USA INC,2025-04-16 04:52 PM
2504005,2025-04-04 08:51 AM,Quick key Locksmith,,storequickkey@gmail.com,2025-04-03 02:41 PM,1,1,Completed,SECO-LARM USA INC,2025-05-20 01:19 PM
2504003,2025-04-03 01:23 PM,ISTC,,nbezerra@istccorp.com,2025-04-03 01:23 PM,4,55,Issued RMA,SECO-LARM USA INC,2025-04-03 01:23 PM
2504002,2025-04-03 02:28 AM,ISEC-INTERNATIONAL SECURITY EXPERT,,ifigueroa@isecpr.com,2025-04-02 01:22 PM,1,2,Completed,SECO-LARM USA INC,2025-05-28 02:29 PM
2504007,2025-04-04 09:02 AM,Sergey Yakubov,,seryak56@gmail.com,2025-04-01 06:36 PM,1,1,Completed,SECO-LARM USA INC,2025-05-13 07:44 AM
2503067,2025-04-01 11:32 AM,BG Distribution,,Nvoyer@bgdistribution.ca,2025-04-01 11:32 AM,1,1,Issued RMA,SECO-LARM USA INC,2025-04-01 11:32 AM
2504008,2025-04-04 09:40 AM,IML Security Supply,,kyra.fankhauser@imlss.com,2025-04-01 10:02 AM,1,1,Completed,SECO-LARM USA INC,2025-05-13 07:45 AM
2504013,2025-04-08 03:40 PM,Safeguard Security and Surveillance,,jeff@safeguardne.com,2025-04-01 07:38 AM,1,1,Completed,SECO-LARM USA INC,2025-05-20 01:22 PM
2504001,2025-04-03 02:26 AM,A1 SECURITY SUPPLY,,WILL@A1ALARM.COM,2025-03-31 12:55 PM,1,1,Completed,SECO-LARM USA INC,2025-07-07 10:40 AM
2503066,2025-04-01 09:16 AM,T.S DISTRIBUTORS,,etorres@tsdistributors,2025-03-31 10:35 AM,1,1,Completed,SECO-LARM USA INC,2025-04-11 04:23 PM
2503065,2025-04-01 09:15 AM,Wesco,,Whitney.Green@anixter.com,2025-03-31 10:28 AM,1,1,Completed,SECO-LARM USA INC,2025-04-16 04:56 PM
2503064,2025-04-01 09:14 AM,Mobile Communications of America (MCA),,deseanjenkins@callmc.com,2025-03-31 07:56 AM,1,1,Issued RMA,SECO-LARM USA INC,2025-04-01 09:14 AM
2503062,2025-03-28 12:08 PM,Cherry SEC,,msgtcherry@yahoo.com,2025-03-28 12:08 PM,1,1,Completed,SECO-LARM USA INC,2025-04-16 04:52 PM
2503063,2025-04-01 08:45 AM,ISEC-INTERNATIONAL SECURITY EXPERT,,ifigueroa@isecpr.com,2025-03-28 11:44 AM,1,1,Completed,SECO-LARM USA INC,2025-07-09 07:59 AM
2503059,2025-03-27 04:54 PM,Winstronics,,winstronics@seco-larm.com,2025-03-27 04:54 PM,2,19,Completed,SECO-LARM USA INC,2025-03-27 04:57 PM
2504014,2025-04-08 03:40 PM,Metro Access Control LLC,,john@metroaccesscontrol.com,2025-03-27 12:09 PM,2,3,Issued RMA,SECO-LARM USA INC,2025-04-08 03:40 PM
2503061,2025-03-28 08:50 AM,Access Distribution Centre,,Returns@accessdistributioncentre.com,2025-03-27 11:56 AM,1,1,Completed,SECO-LARM USA INC,2025-04-16 04:53 PM
2503060,2025-03-28 08:49 AM,Wesco,,Whitney.Green@anixter.com,2025-03-27 10:23 AM,1,1,Completed,SECO-LARM USA INC,2025-04-16 04:54 PM
2503058,2025-03-27 09:11 AM,Mikes Plumbing Service,,mps3031@att.net,2025-03-27 09:11 AM,1,1,Completed,SECO-LARM USA INC,2025-04-04 09:52 AM
2503056,2025-03-26 12:46 PM,BROOKLYN SUPPLY,,raizy@blvs.com,2025-03-26 11:29 AM,1,1,Completed,SECO-LARM USA INC,2025-05-13 07:47 AM
2503046,2025-03-26 11:08 AM,Mid-atlantic Entry Systems,,bryan@maentry.com,2025-03-26 06:48 AM,1,2,Completed,SECO-LARM USA INC,2025-04-16 04:50 PM
2503055,2025-03-26 11:23 AM,Security Data Supply of Raleigh,,rcombs@securitydatasupply.com,2025-03-26 05:46 AM,1,1,Completed,SECO-LARM USA INC,2025-04-16 10:19 AM
2503045,2025-03-25 08:25 AM,ALARMAX,,vmarsh@alarmax.com,2025-03-25 08:25 AM,1,1,Completed,SECO-LARM USA INC,2025-04-04 10:16 AM
2503047,2025-03-26 11:09 AM,Kinseth Hospitality,,bevans@kinseth.com,2025-03-25 08:10 AM,1,1,Issued RMA,SECO-LARM USA INC,2025-03-26 11:09 AM
2503042,2025-03-24 01:03 PM,BROOKLYN SUPPLY,,raizy@blvs.com,2025-03-24 01:03 PM,1,2,Completed,SECO-LARM USA INC,2025-04-08 08:47 AM
2503057,2025-03-26 12:47 PM,BROOKLYN SUPPLY,,raizy@blvs.com,2025-03-24 11:18 AM,1,1,Completed,SECO-LARM USA INC,2025-06-13 11:40 AM
2503048,2025-03-26 11:10 AM,My Locksmith,,Mylocksmithla@gmail.com,2025-03-21 02:14 PM,1,1,Issued RMA,SECO-LARM USA INC,2025-03-26 11:10 AM
2503041,2025-03-21 02:10 PM,Quick key Locksmith,,storequickkey@gmail.com,2025-03-21 01:29 PM,1,1,Completed,SECO-LARM USA INC,2025-04-08 05:14 PM
2503049,2025-03-26 11:11 AM,Wesco,,liane.allen@wescodist.com,2025-03-21 12:10 PM,1,1,Issued RMA,SECO-LARM USA INC,2025-03-26 11:11 AM
2505040,2025-05-20 12:35 PM,EOS Trading Corp,,rma.vendors@eostrading.com,2025-03-21 08:28 AM,5,5,Issued RMA,SECO-LARM USA INC,2025-05-20 12:35 PM
2503036,2025-03-21 08:28 AM,Oscar Torres,,oltorres@torreselectrical.com,2025-03-21 08:28 AM,1,1,Completed,SECO-LARM USA INC,2025-04-08 04:57 PM
2505039,2025-05-20 12:34 PM,EOS Trading Corp,,rma.vendors@eostrading.com,2025-03-21 08:18 AM,5,5,Issued RMA,SECO-LARM USA INC,2025-05-20 12:34 PM
2503050,2025-03-26 11:12 AM,MultiSales Inc.,,purchasing@MultiSalesInc.com,2025-03-21 08:06 AM,1,1,Completed,SECO-LARM USA INC,2025-05-20 01:21 PM
2503040,2025-03-21 11:21 AM,Silmar electronics,,jsheffield@silmarelectronics.com,2025-03-21 07:14 AM,1,16,Completed,SECO-LARM USA INC,2025-04-16 10:47 AM
2503044,2025-03-24 03:42 PM,Patriot Technologies,,justin@patriottech.net,2025-03-21 06:14 AM,7,7,Completed,SECO-LARM USA INC,2025-06-11 03:50 PM
2503054,2025-03-26 11:23 AM,Security Options,,support@securityoptionsltd.com,2025-03-20 10:31 AM,1,1,Completed,SECO-LARM USA INC,2025-04-08 08:49 AM
2503051,2025-03-26 11:12 AM,"AAA Safe & Lock Company, Inc.",,jpcook1974@icloud.com,2025-03-19 04:24 PM,1,1,Issued RMA,SECO-LARM USA INC,2025-03-26 11:12 AM
2503035,2025-03-19 01:11 PM,Wesco,,Whitney.Green@anixter.com,2025-03-19 12:40 PM,1,1,Completed,SECO-LARM USA INC,2025-04-04 09:57 AM
2503034,2025-03-19 08:46 AM,United Security & Control Systems,,sbaker@unitedsecurityva.com,2025-03-19 08:46 AM,1,2,Completed,SECO-LARM USA INC,2025-04-08 05:15 PM
2503052,2025-03-26 11:13 AM,Electronic Entry Distributors,,ltacheny@electronicentrydistributors.com,2025-03-19 08:32 AM,1,1,Completed,SECO-LARM USA INC,2025-04-08 05:14 PM
2503053,2025-03-26 11:13 AM,Tallatron Inc.,,David.mckleroy@gmail.com,2025-03-19 07:20 AM,1,2,Issued RMA,SECO-LARM USA INC,2025-03-26 11:13 AM
2503039,2025-03-21 08:43 AM,"Automated Gate Supply, Inc",,vernon@automatedgatesupply.net,2025-03-18 04:07 PM,1,1,Issued RMA,SECO-LARM USA INC,2025-03-21 08:43 AM
2503038,2025-03-21 08:43 AM,BROOKLYN SUPPLY,,raizy@blvs.com,2025-03-18 10:08 AM,1,1,Completed,SECO-LARM USA INC,2025-05-13 07:48 AM
2503037,2025-03-21 08:42 AM,BROOKLYN SUPPLY,,raizy@blvs.com,2025-03-18 09:32 AM,1,1,Completed,SECO-LARM USA INC,2025-06-13 11:03 AM
2503032,2025-03-19 01:12 PM,Wesco / Anixter,,ra-west-tri-edus@anixter.wescodist.com,2025-03-18 07:44 AM,1,1,Completed,SECO-LARM USA INC,2025-06-25 10:22 AM
2503031,2025-03-17 11:09 AM,UHS Hardware,,amanda@uhs-hardware.com,2025-03-17 10:04 AM,1,1,Completed,SECO-LARM USA INC,2025-04-11 04:23 PM
2503030,2025-03-17 11:09 AM,"Silmar Electronics, Inc.",,tokeefe@silmarelectronics.com,2025-03-17 05:24 AM,1,3,Completed,SECO-LARM USA INC,2025-04-04 10:23 AM
2503029,2025-03-17 11:09 AM,Silmar Electronics,,ialtmeyer@silmarelectronics.com,2025-03-14 12:46 PM,1,1,Completed,SECO-LARM USA INC,2025-04-04 09:42 AM
2503028,2025-03-17 11:07 AM,"S & O Enterprises, Inc.",,sanoent@cs.com,2025-03-14 11:23 AM,1,1,Completed,SECO-LARM USA INC,2025-05-13 04:37 PM
2503033,2025-03-17 11:28 AM,Security Options,,support@securityoptionsltd.com,2025-03-14 09:23 AM,1,1,Completed,SECO-LARM USA INC,2025-03-25 08:40 AM
2503017,2025-03-14 09:06 AM,NSI DISTRIBUTION INC,,alexs@nsidistribution.com,2025-03-14 09:06 AM,1,1,Issued RMA,SECO-LARM USA INC,2025-03-14 09:06 AM
2503016,2025-03-14 09:02 AM,S.P.C.,,ksr@spctc.cr,2025-03-14 09:02 AM,4,4,Completed,SECO-LARM USA INC,2025-03-25 08:33 AM
2503027,2025-03-17 11:07 AM,Az. Cine Equipment,,Lee@Azcine.com,2025-03-14 08:56 AM,1,1,Completed,SECO-LARM USA INC,2025-04-11 04:19 PM
2503025,2025-03-17 11:06 AM,Charley's Southside Lock and Safe,,craig.charleyslock@ymail.com,2025-03-13 08:18 AM,1,1,Issued RMA,SECO-LARM USA INC,2025-03-17 11:06 AM
2503026,2025-03-17 11:06 AM,"TEM Systems, LLC",,adminsc@temsystems.com,2025-03-13 08:07 AM,1,1,Completed,SECO-LARM USA INC,2025-04-11 04:20 PM
2503024,2025-03-17 11:05 AM,"A.F.Y. SECURITY DISTRIBUTORS, INC",,afylarry@hotmail.com,2025-03-13 07:57 AM,3,4,Completed,SECO-LARM USA INC,2025-04-04 10:03 AM
2503023,2025-03-17 11:05 AM,Sierra Structures,,donnie@sierrastructures.com,2025-03-13 04:24 AM,1,1,Issued RMA,SECO-LARM USA INC,2025-03-17 11:05 AM
2503022,2025-03-17 11:04 AM,Seaside Charter,,dbrown@seasidecharter.org,2025-03-13 03:33 AM,1,1,Completed,SECO-LARM USA INC,2025-04-08 05:16 PM
2503015,2025-03-11 05:10 PM,Anixter,,eder.trujillo@anixter.com,2025-03-11 05:10 PM,1,10,Completed,SECO-LARM USA INC,2025-04-03 08:49 AM
2503021,2025-03-17 11:04 AM,AVX Tech Warehouse,,warehouse@avx-tech.com,2025-03-11 02:33 PM,1,1,Completed,SECO-LARM USA INC,2025-03-25 01:09 PM
2503020,2025-03-17 11:01 AM,Access Distribution Centre,,Returns@accessdistributioncentre.com,2025-03-11 12:41 PM,1,1,Completed,SECO-LARM USA INC,2025-04-11 04:22 PM
2503019,2025-03-17 11:00 AM,Florida Gate Masters,,christopher@floridagatemasters.com,2025-03-11 12:07 PM,1,1,Issued RMA,SECO-LARM USA INC,2025-03-17 11:00 AM
2503006,2025-03-11 08:37 AM,Lone Star Systems Supply,,cynthiav@lonestar-us.com,2025-03-11 08:37 AM,2,2,Issued RMA,SECO-LARM USA INC,2025-03-11 08:37 AM
2503013,2025-03-11 09:14 AM,Wesco / Anixter,,ra-west-tri-edus@anixter.wescodist.com,2025-03-10 02:55 PM,1,1,Completed,SECO-LARM USA INC,2025-06-09 01:14 PM
2503010,2025-03-11 08:54 AM,SECURITY EQUIPMENT SUPPLY,,JSWITCHER@SESONLINE.COM,2025-03-10 01:50 PM,1,1,Completed,SECO-LARM USA INC,2025-03-25 01:07 PM
2503009,2025-03-11 08:53 AM,T.S DISTRIBUTORS,,etorres@tsdistributors,2025-03-10 12:21 PM,1,1,Completed,SECO-LARM USA INC,2025-03-20 09:05 AM
2503007,2025-03-11 08:51 AM,"SILMAR ELECTRONICS, INC",,mparra@silmarelectronics.com,2025-03-10 12:14 PM,1,1,Completed,SECO-LARM USA INC,2025-04-16 04:49 PM
2503012,2025-03-11 09:14 AM,WESCO/ ANIXTER,,tricia.carson@wescodist.com,2025-03-10 10:30 AM,1,1,Issued RMA,SECO-LARM USA INC,2025-03-11 09:14 AM
2503008,2025-03-11 08:52 AM,Security Data Supply of Norfolk,,jalen@securitydatasupply.com,2025-03-10 08:13 AM,1,1,Completed,SECO-LARM USA INC,2025-04-16 04:55 PM
2503011,2025-03-11 09:14 AM,Wesco,,Whitney.Green@anixter.com,2025-03-07 01:31 PM,1,1,Completed,SECO-LARM USA INC,2025-04-08 08:48 AM
2503002,2025-03-04 12:55 PM,Delta Swiss Technologies,,s.mati@deltaswiss.com,2025-03-04 10:04 AM,1,2,Completed,SECO-LARM USA INC,2025-04-04 10:13 AM
2503001,2025-03-04 12:54 PM,ESC-SUPPLY,,jmobley@esc-supply.com,2025-03-04 08:26 AM,1,1,Completed,SECO-LARM USA INC,2025-03-25 01:10 PM
2503004,2025-03-04 01:27 PM,Wesco,,Whitney.Green@anixter.com,2025-03-04 06:25 AM,1,1,Completed,SECO-LARM USA INC,2025-03-25 08:41 AM
2503003,2025-03-04 01:26 PM,Wesco,,Whitney.Green@anixter.com,2025-03-04 06:21 AM,1,1,Completed,SECO-LARM USA INC,2025-04-11 04:21 PM
2503018,2025-03-17 11:00 AM,Kodicam Corp,,marco@kodicam.net,2025-03-03 07:07 AM,10,11,Completed,SECO-LARM USA INC,2025-04-21 01:45 PM
2505038,2025-05-20 12:34 PM,EOS Trading Corp,,rma.vendors@eostrading.com,2025-03-03 06:54 AM,5,5,Issued RMA,SECO-LARM USA INC,2025-05-20 12:34 PM
2502057,2025-02-27 09:39 AM,Wesco,,dusty.baker@anixter.com,2025-02-27 06:23 AM,1,18,Completed,SECO-LARM USA INC,2025-06-25 10:21 AM
2502055,2025-02-27 09:10 AM,silmar electronics,,MSOTO@SILMARELECTRONICS.COM,2025-02-26 12:51 PM,1,1,Completed,SECO-LARM USA INC,2025-03-20 09:04 AM
2502052,2025-02-26 10:33 AM,IMLSS,,joe.chaney@imlss.com,2025-02-26 10:33 AM,2,2,Issued RMA,SECO-LARM USA INC,2025-02-26 10:33 AM
2503005,2025-03-05 04:19 PM,Lone Star Systems Supply,,cynthiav@lonestar-us.com,2025-02-26 07:07 AM,7,31,Completed,SECO-LARM USA INC,2025-03-25 08:39 AM
2502056,2025-02-27 09:38 AM,The Security Source Inc.,,rblaha@thesecuritysourceinc.com,2025-02-26 05:06 AM,1,1,Completed,SECO-LARM USA INC,2025-03-25 08:40 AM
2502051,2025-02-25 04:44 PM,MULTISALES,,ltam@multisalesinc.com,2025-02-25 04:44 PM,1,1,Completed,SECO-LARM USA INC,2025-03-14 11:17 AM
2502054,2025-02-27 09:09 AM,MoreThanGates,,keegan@morethangates.com,2025-02-25 01:56 PM,1,1,Issued RMA,SECO-LARM USA INC,2025-02-27 09:09 AM
2502050,2025-02-25 12:21 PM,WESCO DROPSHIP,,jim.moore@anixter.com,2025-02-25 12:21 PM,1,10,Completed,SECO-LARM USA INC,2025-02-28 12:52 PM
2502049,2025-02-25 11:48 AM,Enerod Company,,enerodcompany@gmail.com,2025-02-25 11:09 AM,1,1,Issued RMA,SECO-LARM USA INC,2025-02-25 11:48 AM
2502053,2025-02-27 09:09 AM,Sergios Contracting Services LLC,,sergioscontranctingservicesllc@gmail.com,2025-02-24 01:54 PM,1,1,Issued RMA,SECO-LARM USA INC,2025-02-27 09:09 AM
2505037,2025-05-20 12:34 PM,EOS Trading Corp,,rma.vendors@eostrading.com,2025-02-24 01:39 PM,5,5,Issued RMA,SECO-LARM USA INC,2025-05-20 12:34 PM
2502047,2025-02-24 08:39 AM,Sunkissed Beauty,,cschneider8787@gmail.com,2025-02-24 08:39 AM,1,1,Completed,SECO-LARM USA INC,2025-03-20 08:59 AM
2502048,2025-02-24 08:50 AM,AVX Tech Warehouse,,warehouse@avx-tech.com,2025-02-21 12:16 PM,1,1,Completed,SECO-LARM USA INC,2025-03-25 01:04 PM
2502046,2025-02-21 08:10 AM,IMLSS,,Sergio.Ruiz@imlss.com,2025-02-20 02:00 PM,1,1,Issued RMA,SECO-LARM USA INC,2025-02-21 08:10 AM
2502043,2025-02-20 12:42 PM,CHRISTY IND INC,,tomp@christy-ind.com,2025-02-20 12:42 PM,1,1,Completed,SECO-LARM USA INC,2025-06-25 10:21 AM
2502045,2025-02-20 03:51 PM,Anixter,,ryan.reed@anixter.com,2025-02-19 10:58 AM,1,3,Issued RMA,SECO-LARM USA INC,2025-02-20 03:51 PM
2505036,2025-05-20 12:34 PM,EOS Trading Corp,,rma.vendors@eostrading.com,2025-02-19 08:07 AM,5,5,Issued RMA,SECO-LARM USA INC,2025-05-20 12:34 PM
2502038,2025-02-19 09:39 AM,Security Consultant Pros,,mary@securityconsultantpros.com,2025-02-18 11:56 AM,1,1,Completed,SECO-LARM USA INC,2025-03-20 08:53 AM
2502042,2025-02-19 02:15 PM,BANNER SOLUTIONS,,debi.wade@bannersolutions.com,2025-02-18 07:59 AM,1,1,Completed,SECO-LARM USA INC,2025-03-05 09:32 AM
2502041,2025-02-19 02:15 PM,alarmax distributors,,ksnyder@alarmax.com,2025-02-18 05:56 AM,1,5,Completed,SECO-LARM USA INC,2025-03-05 09:31 AM
2502040,2025-02-19 02:15 PM,Wesco,,Whitney.Green@anixter.com,2025-02-18 05:48 AM,1,1,Issued RMA,SECO-LARM USA INC,2025-02-19 02:15 PM
2502039,2025-02-19 11:35 AM,JLM Wholesale,,b.dalgleish@jlmwholesale.com,2025-02-18 05:48 AM,1,1,Issued RMA,SECO-LARM USA INC,2025-02-19 11:35 AM
2502044,2025-02-20 03:03 PM,CCTV.NET,,hovik@cctv.net,2025-02-17 02:36 PM,3,3,Completed,SECO-LARM USA INC,2025-03-20 09:01 AM
2502037,2025-02-17 12:44 PM,BROOKLYN SUPPLY,,raizy@blvs.com,2025-02-17 09:43 AM,1,1,Completed,SECO-LARM USA INC,2025-03-25 01:20 PM
2502036,2025-02-17 08:56 AM,Sand Drive LLC,,kyle@sanddrivellc.com,2025-02-15 11:08 AM,1,1,Completed,SECO-LARM USA INC,2025-04-16 12:50 PM
2502031,2025-02-14 01:41 PM,AVX Tech Warehouse,,warehouse@avx-tech.com,2025-02-14 01:41 PM,11,95,Completed,SECO-LARM USA INC,2025-07-03 01:00 PM
2502032,2025-02-17 08:54 AM,Anixter,,erica.shepherd@anixter.com,2025-02-14 09:05 AM,1,1,Completed,SECO-LARM USA INC,2025-06-25 10:21 AM
2502030,2025-02-13 12:46 PM,"Mundo Alarm Supplies, Inc.",,roberto.cabrera@mundoalarm.com,2025-02-13 12:15 PM,2,2,Completed,SECO-LARM USA INC,2025-05-13 07:42 AM
2502033,2025-02-17 08:54 AM,Southwest Automated Security- CHA,,cha-ship@southwestautomated.com,2025-02-13 11:13 AM,1,2,Completed,SECO-LARM USA INC,2025-03-06 08:51 AM
2502034,2025-02-17 08:54 AM,silmar electronics,,MSOTO@SILMARELECTRONICS.COM,2025-02-13 09:14 AM,1,1,Completed,SECO-LARM USA INC,2025-03-06 09:32 AM
2502022,2025-02-13 08:42 AM,Seaside Charter,,dbrown@seasidecharter.org,2025-02-13 07:14 AM,1,1,Completed,SECO-LARM USA INC,2025-03-05 09:34 AM
2502029,2025-02-13 12:45 PM,Rio Vista Park,,michaelrbyrd@yahoo.com,2025-02-13 04:30 AM,1,1,Completed,SECO-LARM USA INC,2025-05-20 01:17 PM
2502028,2025-02-13 12:42 PM,Audio Dynamics,,paulina@audiodynamicsinc.com,2025-02-12 01:22 PM,1,1,Completed,SECO-LARM USA INC,2025-03-20 08:56 AM
2502035,2025-02-17 08:56 AM,Wesco,,Whitney.Green@anixter.com,2025-02-12 12:36 PM,1,1,Issued RMA,SECO-LARM USA INC,2025-02-17 08:56 AM
2502027,2025-02-13 12:42 PM,Bees Keys,,Rick@beeskeys.com,2025-02-12 06:06 AM,1,1,Issued RMA,SECO-LARM USA INC,2025-02-13 12:42 PM
2502026,2025-02-13 12:41 PM,ADVANCED ACCESS PRODUCTS,,jons@advanced-access.com,2025-02-11 04:08 AM,1,1,Completed,SECO-LARM USA INC,2025-06-10 02:33 PM
2502025,2025-02-13 12:41 PM,Gary Kummer,,garykummer1@gmail.com,2025-02-07 02:21 PM,1,1,Completed,SECO-LARM USA INC,2025-04-03 04:41 PM
2502024,2025-02-13 09:12 AM,BROOKLYN SUPPLY,,raizy@blvs.com,2025-02-07 08:09 AM,2,2,Completed,SECO-LARM USA INC,2025-03-25 01:23 PM
2502023,2025-02-13 09:11 AM,BROOKLYN SUPPLY,,raizy@blvs.com,2025-02-07 07:55 AM,1,1,Completed,SECO-LARM USA INC,2025-03-25 01:23 PM
2502021,2025-02-06 02:38 PM,BROOKLYN SUPPLY,,raizy@blvs.com,2025-02-06 01:23 PM,1,1,Completed,SECO-LARM USA INC,2025-03-25 01:14 PM
2502020,2025-02-06 02:37 PM,Summit Fire & Security,,Rlozano1@summitfiresecurity.com,2025-02-06 12:50 PM,1,3,Issued RMA,SECO-LARM USA INC,2025-02-06 02:37 PM
2502019,2025-02-06 11:15 AM,Pam Distributing,,purchasing@pamdist.com,2025-02-06 11:09 AM,2,2,Issued RMA,SECO-LARM USA INC,2025-02-06 11:15 AM
2502012,2025-02-06 11:01 AM,Security Equipment Supply,,rhearn@sesonline.com,2025-02-06 08:37 AM,1,1,Completed,SECO-LARM USA INC,2025-03-05 09:39 AM
2502011,2025-02-05 01:50 PM,The Systems Depot,,jessica.walling@sdepot.com,2025-02-05 01:19 PM,1,1,Completed,SECO-LARM USA INC,2025-02-21 08:06 AM
2502010,2025-02-05 12:41 PM,DISCOUNT ACCESS DISTRIBUTORS,,accounting@discount-access.com,2025-02-05 11:56 AM,1,1,Completed,SECO-LARM USA INC,2025-02-21 08:02 AM
2502007,2025-02-04 03:14 PM,Hogback0@gmail.com,,Hogback0@gmail.com,2025-02-04 03:14 PM,1,1,Completed,SECO-LARM USA INC,2025-03-05 09:36 AM
2502008,2025-02-05 09:30 AM,Lawrence Doors,,purchasing@lawrencedoors.com,2025-02-04 10:57 AM,1,1,Completed,SECO-LARM USA INC,2025-03-05 09:37 AM
2502009,2025-02-05 09:51 AM,Grainger,,SRC_Supplierops@grainger.com,2025-02-04 09:10 AM,1,10,Issued RMA,SECO-LARM USA INC,2025-02-05 09:51 AM
2502004,2025-02-04 08:47 AM,ESC SUPPLY,,PCOWLEY@ESC-SUPPLY.COM,2025-02-04 07:24 AM,1,1,Completed,SECO-LARM USA INC,2025-02-21 08:13 AM
2502006,2025-02-04 12:03 PM,SECURITY EQUIPMENT SUPPLY,,cclendenen@sesonline.com,2025-02-03 12:43 PM,1,1,Issued RMA,SECO-LARM USA INC,2025-02-04 12:03 PM
2502005,2025-02-04 12:02 PM,Gates and Controls - Corona,,erika.e@gatesandcontrols.com,2025-02-03 12:37 PM,1,4,Completed,SECO-LARM USA INC,2025-03-06 09:39 AM
2502003,2025-02-03 02:35 PM,BROOKLYN SUPPLY,,raizy@blvs.com,2025-02-03 10:18 AM,3,4,Completed,SECO-LARM USA INC,2025-03-25 01:12 PM
2502002,2025-02-03 02:35 PM,Audio Plus Solutions,,leonard@audioplussolutions.com,2025-02-03 06:20 AM,1,1,Completed,SECO-LARM USA INC,2025-03-20 08:57 AM
2502001,2025-02-03 02:34 PM,"SugarByte IT, Inc.",,vlad@sugarbyte.net,2025-01-31 04:18 PM,1,1,Issued RMA,SECO-LARM USA INC,2025-02-03 02:34 PM
2501069,2025-01-30 01:22 PM,Sos Security,,jpalmer@secsos.com,2025-01-30 11:23 AM,1,1,Issued RMA,SECO-LARM USA INC,2025-01-30 01:22 PM
2501068,2025-01-30 08:45 AM,22nd Century Environments Inc.,,Customersupport@protectionelectronics.com,2025-01-29 01:57 PM,1,1,Issued RMA,SECO-LARM USA INC,2025-01-30 08:45 AM
2501065,2025-01-30 08:44 AM,"SILMAR ELECTRONICS, INC",,mparra@silmarelectronics.com,2025-01-29 12:38 PM,1,1,Completed,SECO-LARM USA INC,2025-02-17 09:09 AM
2501066,2025-01-30 08:44 AM,BROOKLYN SUPPLY,,raizy@blvs.com,2025-01-29 12:18 PM,3,14,Completed,SECO-LARM USA INC,2025-03-25 01:16 PM
2501067,2025-01-30 08:44 AM,BROOKLYN SUPPLY,,raizy@blvs.com,2025-01-29 10:09 AM,1,1,Completed,SECO-LARM USA INC,2025-04-03 09:07 AM
2501064,2025-01-29 09:26 AM,BROOKLYN SUPPLY,,raizy@blvs.com,2025-01-29 08:49 AM,1,1,Completed,SECO-LARM USA INC,2025-03-25 01:13 PM
2501061,2025-01-28 11:13 AM,Southwest Automated Security,,dsauceda@southwestautomated.com,2025-01-28 11:10 AM,1,2,Completed,SECO-LARM USA INC,2025-02-17 09:03 AM
2502018,2025-02-06 11:04 AM,EOS Trading Corp,,rma.vendors@eostrading.com,2025-01-28 09:25 AM,4,4,Issued RMA,SECO-LARM USA INC,2025-02-06 11:04 AM
2502017,2025-02-06 11:04 AM,EOS Trading Corp,,rma.vendors@eostrading.com,2025-01-28 08:27 AM,5,5,Issued RMA,SECO-LARM USA INC,2025-02-06 11:04 AM
2501062,2025-01-28 04:58 PM,NSI DIstribution Inc,,jason@nsidistribution.com,2025-01-28 06:50 AM,2,3,Completed,SECO-LARM USA INC,2025-03-05 09:24 AM
2501063,2025-01-28 04:59 PM,Parkpro,,ryoung@parkpro.com,2025-01-27 10:16 AM,1,1,Completed,SECO-LARM USA INC,2025-03-05 09:35 AM
2501060,2025-01-27 12:30 PM,Advance Door Control,,rrodriguez@AdvancedDoorControl.com,2025-01-27 07:38 AM,1,1,Issued RMA,SECO-LARM USA INC,2025-01-27 12:30 PM
2501057,2025-01-24 10:54 AM,Anixter,,myra.santiago@anixter.com,2025-01-24 10:54 AM,1,3,Completed,SECO-LARM USA INC,2025-02-12 12:20 PM
2502016,2025-02-06 11:03 AM,EOS Trading Corp,,rma.vendors@eostrading.com,2025-01-24 09:48 AM,5,5,Issued RMA,SECO-LARM USA INC,2025-02-06 11:03 AM
2502015,2025-02-06 11:03 AM,EOS Trading Corp,,rma.vendors@eostrading.com,2025-01-24 09:37 AM,5,5,Issued RMA,SECO-LARM USA INC,2025-02-06 11:03 AM
2502014,2025-02-06 11:03 AM,EOS Trading Corp,,rma.vendors@eostrading.com,2025-01-24 09:00 AM,5,5,Issued RMA,SECO-LARM USA INC,2025-02-06 11:03 AM
2502013,2025-02-06 11:03 AM,EOS Trading Corp,,rma.vendors@eostrading.com,2025-01-24 08:51 AM,5,5,Issued RMA,SECO-LARM USA INC,2025-02-06 11:03 AM
2501058,2025-01-23 04:41 PM,BLVS,,RMA@BLVS.COM,2025-01-23 12:36 PM,1,2,Completed,SECO-LARM USA INC,2025-03-25 01:17 PM
2501059,2025-01-24 10:48 AM,The Systems Depot,,jessica.walling@sdepot.com,2025-01-23 11:48 AM,1,1,Completed,SECO-LARM USA INC,2025-02-13 10:08 AM
2501056,2025-01-23 09:36 AM,Marc Tablit,,marcotablit@gmail.com,2025-01-22 09:55 PM,1,1,Issued RMA,SECO-LARM USA INC,2025-01-23 09:36 AM
2501054,2025-01-22 03:17 PM,Alarmax Distributors,,asepulveda@alarmax.com,2025-01-22 09:31 AM,1,1,Completed,SECO-LARM USA INC,2025-02-03 10:25 AM
2501055,2025-01-22 03:18 PM,BHC INTEGRATED SUPPORT SERVICES,,MDYKES@ESC-SUPPLY.COM,2025-01-22 09:28 AM,2,2,Completed,SECO-LARM USA INC,2025-02-03 10:30 AM
2501053,2025-01-21 04:55 PM,Enerod,,enerodcompany@gmail.com,2025-01-21 04:55 PM,2,2,Completed,SECO-LARM USA INC,2025-01-28 04:46 PM
2501052,2025-01-21 12:02 PM,Sullivan County Dept of Education,,eddie.ramsey@sullivank12.net,2025-01-21 10:36 AM,1,1,Issued RMA,SECO-LARM USA INC,2025-01-21 12:02 PM
2501051,2025-01-21 10:07 AM,Anixter,,eder.trujillo@anixter.com,2025-01-21 10:07 AM,2,2,Issued RMA,SECO-LARM USA INC,2025-01-21 10:07 AM
2501050,2025-01-20 12:33 PM,Delta Swiss Technologies,,s.mati@deltaswiss.com,2025-01-20 11:57 AM,2,2,Completed,SECO-LARM USA INC,2025-02-21 08:09 AM
2501049,2025-01-20 12:21 PM,BANNER SOLUTIONS,,micki.mitchen@bannersolutions.com,2025-01-20 10:55 AM,1,1,Completed,SECO-LARM USA INC,2025-02-12 02:08 PM
2501048,2025-01-20 09:21 AM,2N Telekomunikace,,godwin@2n.com,2025-01-20 09:21 AM,1,1,Completed,SECO-LARM USA INC,2025-01-28 04:47 PM
2501046,2025-01-20 09:02 AM,Fence Builders Inc,,rpetry@fencebuildersinc.com,2025-01-20 08:31 AM,1,1,Completed,SECO-LARM USA INC,2025-02-03 10:22 AM
2501045,2025-01-20 08:58 AM,AVX Tech Warehouse,,warehouse@avx-tech.com,2025-01-20 08:25 AM,1,1,Completed,SECO-LARM USA INC,2025-01-27 04:48 PM
2501044,2025-01-20 08:58 AM,T.S DISTRIBUTORS,,etorres@tsdistributors,2025-01-17 12:02 PM,1,1,Completed,SECO-LARM USA INC,2025-02-03 10:19 AM
2501043,2025-01-20 08:58 AM,Wesco / Anixter,,felicia.clingan@anixter.com,2025-01-17 08:26 AM,1,1,Completed,SECO-LARM USA INC,2025-02-21 08:12 AM
2501041,2025-01-16 03:58 PM,Lince Comercial S.A.S (Columbia),,laura.sanchez@lincecomercial.com,2025-01-16 03:58 PM,1,1,Completed,SECO-LARM USA INC,2025-01-28 04:48 PM
2501047,2025-01-20 09:12 AM,The Security Source Inc.,,rblaha@thesecuritysourceinc.com,2025-01-16 01:42 PM,2,4,Completed,SECO-LARM USA INC,2025-02-12 01:08 PM
2501042,2025-01-16 03:59 PM,BHC INTEGRATED SUPPORT SERVICES,,MDYKES@ESC-SUPPLY.COM,2025-01-16 12:25 PM,1,45,Completed,SECO-LARM USA INC,2025-02-13 10:11 AM
2501040,2025-01-16 11:44 AM,BHC INTEGRATED SUPPORT SERVICES,,ALLPURCHASING@BHCISS.COM,2025-01-16 11:30 AM,1,1,Issued RMA,SECO-LARM USA INC,2025-01-16 11:44 AM
2501038,2025-01-16 10:35 AM,"A.F.Y. SECURITY DISTRIBUTORS, INC",,afylarry@hotmail.com,2025-01-16 09:08 AM,3,4,Completed,SECO-LARM USA INC,2025-01-27 04:50 PM
2501039,2025-01-16 10:35 AM,silmar electronics,,MSOTO@SILMARELECTRONICS.COM,2025-01-15 08:27 AM,1,1,Completed,SECO-LARM USA INC,2025-01-28 04:48 PM
2501037,2025-01-14 04:53 PM,Wesco / Anixter,,ra-west-tri-edus@anixter.wescodist.com,2025-01-14 01:39 PM,1,1,Completed,SECO-LARM USA INC,2025-02-21 08:00 AM
2501034,2025-01-14 09:42 AM,Service Components,40873,purchasing@sciindustrial.com,2025-01-14 09:42 AM,1,200,Completed,SECO-LARM USA INC,2025-01-28 04:51 PM
2501035,2025-01-14 10:43 AM,ALL AROUND DISTRIBUTORS,,allarounddistributors@gmail.com,2025-01-14 06:02 AM,1,1,Completed,SECO-LARM USA INC,2025-01-27 04:51 PM
2501036,2025-01-14 10:44 AM,Anixter - Canada,,canada.nrc@anixter.com,2025-01-14 05:37 AM,1,1,Completed,SECO-LARM USA INC,2025-06-25 10:20 AM
2501032,2025-01-13 03:23 PM,759 Property LLC,,raudelc@hotmail.com,2025-01-13 03:23 PM,1,1,Completed,SECO-LARM USA INC,2025-01-27 04:48 PM
2501033,2025-01-13 03:21 PM,MAGOCAD,,ecortessisa2@hotmail.com,2025-01-13 03:21 PM,1,1,Completed,SECO-LARM USA INC,2025-01-28 04:52 PM
2501031,2025-01-10 01:53 PM,BLVS,,RMA@BLVS.COM,2025-01-10 01:07 PM,1,1,Completed,SECO-LARM USA INC,2025-01-27 04:46 PM
2501030,2025-01-10 01:53 PM,BLVS,,RMA@BLVS.COM,2025-01-10 01:03 PM,1,1,Completed,SECO-LARM USA INC,2025-01-27 04:46 PM
2501029,2025-01-10 09:14 AM,"TEM Systems, LLC",,adminsc@temsystems.com,2025-01-10 09:13 AM,1,1,Completed,SECO-LARM USA INC,2025-02-17 09:04 AM
2501028,2025-01-10 09:13 AM,AVX Tech Warehouse,,warehouse@avx-tech.com,2025-01-10 09:03 AM,1,1,Completed,SECO-LARM USA INC,2025-01-20 04:15 PM
2501027,2025-01-10 08:49 AM,A1 SECURITY SUPPLY,,WILL@A1ALARM.COM,2025-01-10 08:45 AM,1,2,Issued RMA,SECO-LARM USA INC,2025-01-10 08:49 AM
2501026,2025-01-10 08:49 AM,Silmar Electronics FTL,,WHAMM@SILMARELECTRONICS.COM,2025-01-09 01:01 PM,1,1,Completed,SECO-LARM USA INC,2025-01-22 01:59 PM
2501022,2025-01-09 10:55 AM,EOS Trading Corp,,rma.vendors@eostrading.com,2025-01-09 10:25 AM,5,5,Under Review,SECO-LARM USA INC,2025-01-23 04:49 PM
2501021,2025-01-09 10:55 AM,EOS Trading Corp,,rma.vendors@eostrading.com,2025-01-09 10:18 AM,5,5,Completed,SECO-LARM USA INC,2025-06-12 04:48 PM
2501020,2025-01-09 10:55 AM,EOS Trading Corp,,rma.vendors@eostrading.com,2025-01-09 09:15 AM,5,5,Under Review,SECO-LARM USA INC,2025-01-23 04:52 PM
2501019,2025-01-09 10:54 AM,EOS Trading Corp,,rma.vendors@eostrading.com,2025-01-09 07:59 AM,4,5,Completed,SECO-LARM USA INC,2025-02-21 08:19 AM
2501018,2025-01-09 10:54 AM,EOS Trading Corp,,rma.vendors@eostrading.com,2025-01-09 07:39 AM,5,5,Completed,SECO-LARM USA INC,2025-04-04 09:20 AM
2501023,2025-01-09 11:04 AM,"SILMAR ELECTRONICS, INC",,mparra@silmarelectronics.com,2025-01-09 07:17 AM,1,1,Completed,SECO-LARM USA INC,2025-01-22 01:59 PM
2501024,2025-01-09 11:05 AM,Security Equipment Supply,,mreeves@sesonline.com,2025-01-09 07:00 AM,1,1,Issued RMA,SECO-LARM USA INC,2025-01-09 11:05 AM
2501017,2025-01-08 02:53 PM,EOS Trading Corp,,rma.vendors@eostrading.com,2025-01-08 01:28 PM,4,5,Completed,SECO-LARM USA INC,2025-06-17 01:09 PM
2501025,2025-01-09 11:05 AM,"Tristate Telecom, Inc.",,baila@tristatelvs.com,2025-01-08 11:37 AM,1,1,Completed,SECO-LARM USA INC,2025-02-12 02:06 PM
2501016,2025-01-08 09:49 AM,Security Equipment Supply,,mremmick@sesonline.com,2025-01-08 09:18 AM,1,1,Completed,SECO-LARM USA INC,2025-01-20 04:18 PM
2501015,2025-01-08 09:13 AM,EOS Trading Corp,,rma.vendors@eostrading.com,2025-01-08 08:58 AM,5,5,Completed,SECO-LARM USA INC,2025-07-07 10:33 AM
2501014,2025-01-08 09:12 AM,EOS Trading Corp,,rma.vendors@eostrading.com,2025-01-08 08:22 AM,5,5,Completed,SECO-LARM USA INC,2025-02-17 03:19 PM
2501013,2025-01-08 09:11 AM,ESC SUPPLY,,JGLOVER@BHCISS.COM,2025-01-08 07:52 AM,1,1,Completed,SECO-LARM USA INC,2025-02-21 08:26 AM
2501011,2025-01-08 09:10 AM,ELECTRONIC ENTRY DISTRIBUTORS,,rmartin@electronicentrydistributors.com,2025-01-07 02:54 PM,2,2,Completed,SECO-LARM USA INC,2025-01-17 04:07 PM
2501012,2025-01-08 09:10 AM,Lynn Harding,,Lynnharding12@gmail.com,2025-01-07 08:48 AM,1,1,Completed,SECO-LARM USA INC,2025-02-21 08:30 AM
2501010,2025-01-06 09:59 AM,Jayso Electronics Corp,,Alan@jayso.com,2025-01-06 09:58 AM,1,1,Completed,SECO-LARM USA INC,2025-01-17 04:10 PM
2501008,2025-01-06 08:31 AM,EOS Trading Corp,,rma.vendors@eostrading.com,2025-01-03 01:58 PM,5,5,Completed,SECO-LARM USA INC,2025-04-04 09:17 AM
2501009,2025-01-06 08:32 AM,Wesco Anixter,,raymond.rivera@anixter.com,2025-01-03 11:16 AM,1,1,Issued RMA,SECO-LARM USA INC,2025-01-06 08:32 AM
2501007,2025-01-03 09:21 AM,DWG,,rma@dwgdistribution.com,2025-01-03 08:59 AM,1,1,Issued RMA,SECO-LARM USA INC,2025-01-03 09:21 AM
2501006,2025-01-03 09:20 AM,EOS Trading Corp,,rma.vendors@eostrading.com,2025-01-03 08:27 AM,5,5,Completed,SECO-LARM USA INC,2025-04-04 09:17 AM
2501005,2025-01-03 09:15 AM,EOS Trading Corp,,rma.vendors@eostrading.com,2025-01-03 07:54 AM,5,5,Completed,SECO-LARM USA INC,2025-06-13 04:19 PM
2501004,2025-01-02 04:10 PM,"ETech Integration, LLC",,jason@etechintegration.com,2025-01-02 12:07 PM,1,1,Completed,SECO-LARM USA INC,2025-02-17 09:10 AM
2501003,2025-01-02 04:10 PM,Silmar Electronics,,ialtmeyer@silmarelectronics.com,2025-01-02 11:49 AM,1,1,Completed,SECO-LARM USA INC,2025-01-17 01:33 PM
2501002,2025-01-02 04:10 PM,Chris Scudder,,chris.scudder1@gmail.com,2025-01-02 11:14 AM,1,1,Completed,SECO-LARM USA INC,2025-01-17 01:31 PM
2501001,2025-01-02 10:57 AM,AVX Tech Warehouse,,warehouse@avx-tech.com,2025-01-02 09:53 AM,1,2,Completed,SECO-LARM USA INC,2025-01-20 04:15 PM
2412043,2024-12-30 10:47 AM,"Silmar Electronics, Inc.",,gvalero@silmarelectronics.com,2024-12-30 09:17 AM,1,1,Completed,SECO-LARM USA INC,2025-01-17 01:32 PM
2412042,2024-12-27 12:51 PM,Computer Zen LLC,,steve@computer-z.com,2024-12-27 07:27 AM,1,1,Completed,SECO-LARM USA INC,2025-01-08 10:44 AM
2412040,2024-12-26 02:18 PM,BLVS,,RMA@BLVS.COM,2024-12-26 02:01 PM,1,1,Completed,SECO-LARM USA INC,2025-01-27 04:46 PM
2412039,2024-12-26 12:01 PM,Quick key Locksmith,,storequickkey@gmail.com,2024-12-26 11:02 AM,1,1,Completed,SECO-LARM USA INC,2025-01-17 01:33 PM
2412038,2024-12-24 09:58 AM,Bob Distributing Inc,,tiffany.roland@bobsdist.com,2024-12-24 09:15 AM,1,1,Completed,SECO-LARM USA INC,2025-01-20 03:15 PM
2412036,2024-12-20 02:27 PM,Alarmax,,Ntaylor@alarmax.com,2024-12-20 01:45 PM,1,1,Completed,SECO-LARM USA INC,2025-01-17 04:08 PM
2412034,2024-12-20 11:48 AM,AHS,,returns@accesshardware.com,2024-12-20 11:48 AM,1,2,Completed,SECO-LARM USA INC,2025-01-13 01:17 PM
2412033,2024-12-20 11:04 AM,super pawn center,,superpawn334@gmail.com,2024-12-20 10:48 AM,1,1,Issued RMA,SECO-LARM USA INC,2024-12-20 11:04 AM
2412035,2024-12-20 12:15 PM,Wesco,,Whitney.Green@anixter.com,2024-12-20 10:02 AM,1,1,Completed,SECO-LARM USA INC,2025-01-13 01:21 PM
2412032,2024-12-20 09:29 AM,The Security Source Inc.,,rblaha@thesecuritysourceinc.com,2024-12-20 09:19 AM,1,1,Completed,SECO-LARM USA INC,2025-02-03 10:23 AM
2412031,2024-12-19 03:25 PM,silmar electronics,,MSOTO@SILMARELECTRONICS.COM,2024-12-19 12:47 PM,1,1,Completed,SECO-LARM USA INC,2025-01-20 03:10 PM
2412030,2024-12-19 11:31 AM,Churchill Estates Retirement Community,,risitiaina@yahoo.com,2024-12-18 01:51 PM,1,1,Issued RMA,SECO-LARM USA INC,2025-01-20 03:10 PM
2412029,2024-12-19 11:16 AM,Advanced Engineering Systems,,rick@advancedengsys.com,2024-12-18 10:50 AM,1,1,Issued RMA,SECO-LARM USA INC,2024-12-19 11:16 AM
2412028,2024-12-19 11:09 AM,C Squared Tech Consulting,,accounts@c2tech.us,2024-12-17 02:36 PM,1,1,Issued RMA,SECO-LARM USA INC,2024-12-19 11:09 AM
2412027,2024-12-19 10:32 AM,Alarmax Distributors,,asepulveda@alarmax.com,2024-12-17 08:30 AM,1,1,Completed,SECO-LARM USA INC,2025-01-08 10:45 AM
2412026,2024-12-17 01:03 PM,AlarmaxDistributors,,mxiong@alarmax.com,2024-12-16 10:19 AM,2,2,Completed,SECO-LARM USA INC,2025-01-13 01:32 PM
2412025,2024-12-17 12:59 PM,Alarmax Distributors,,asepulveda@alarmax.com,2024-12-13 10:46 AM,1,1,Completed,SECO-LARM USA INC,2025-01-08 10:46 AM
2412023,2024-12-16 02:49 PM,Security Options,,support@securityoptionsltd.com,2024-12-13 09:03 AM,1,1,Completed,SECO-LARM USA INC,2025-01-13 01:12 PM
2412024,2024-12-17 12:51 PM,Group One Northwest,,dean@grouponenw.com,2024-12-12 10:15 AM,1,1,Issued RMA,SECO-LARM USA INC,2024-12-17 12:51 PM
2412021,2024-12-11 05:25 PM,DAC Inc,,gyork@dac-inc.com,2024-12-11 05:25 PM,1,1,Issued RMA,SECO-LARM USA INC,2024-12-11 05:25 PM
2412020,2024-12-11 02:30 PM,The Security Source,,john.weber@thesecuritysourceinc.com,2024-12-11 02:30 PM,1,1,Completed,SECO-LARM USA INC,2025-01-13 01:07 PM
2412041,2024-12-27 10:50 AM,SYSTEMS DISTRIBUTORS INC,,returns@sdilink.com,2024-12-11 11:33 AM,1,1,Completed,SECO-LARM USA INC,2025-01-13 01:26 PM
2412037,2024-12-24 08:44 AM,Mister Key Corporation,,marcelo@misterkeysecurity.com,2024-12-11 08:34 AM,2,2,Completed,SECO-LARM USA INC,2025-01-22 01:57 PM
2412022,2024-12-12 11:12 AM,"Tristate Telecom, Inc.",,baila@tristatelvs.com,2024-12-10 12:57 PM,1,1,Completed,SECO-LARM USA INC,2025-01-13 01:11 PM
2412019,2024-12-10 05:56 PM,Wesco / Anixter,,ra-west-tri-edus@anixter.wescodist.com,2024-12-10 09:34 AM,1,4,Completed,SECO-LARM USA INC,2025-03-14 11:15 AM
2412018,2024-12-10 05:54 PM,Wesco / Anixter,,ra-west-tri-edus@anixter.wescodist.com,2024-12-10 09:33 AM,1,4,Completed,SECO-LARM USA INC,2025-01-20 03:15 PM
2412016,2024-12-09 10:45 AM,Pam Distributing,,purchasing@pamdist.com,2024-12-09 10:45 AM,2,2,Completed,SECO-LARM USA INC,2024-12-12 05:20 PM
2412017,2024-12-09 02:37 PM,Gates and Controls - Corona,,erika.e@gatesandcontrols.com,2024-12-09 09:17 AM,1,1,Completed,SECO-LARM USA INC,2024-12-24 09:53 AM
2412015,2024-12-06 11:29 AM,Security Equipment Supply,,rhearn@sesonline.com,2024-12-06 11:21 AM,1,1,Completed,SECO-LARM USA INC,2024-12-19 12:51 PM
2412014,2024-12-05 04:12 PM,"Tristate Telecom, Inc.",,baila@tristatelvs.com,2024-12-05 10:41 AM,1,2,Completed,SECO-LARM USA INC,2025-01-13 01:06 PM
2412013,2024-12-05 10:31 AM,Anixter - Canada,,canada.nrc@anixter.com,2024-12-05 10:31 AM,2,2,Completed,SECO-LARM USA INC,2025-01-15 08:42 AM
2412011,2024-12-05 09:40 AM,"TEM Systems, LLC",,adminsc@temsystems.com,2024-12-05 09:13 AM,1,1,Completed,SECO-LARM USA INC,2024-12-24 09:52 AM
2412012,2024-12-05 10:04 AM,"SILMAR ELECTRONICS, INC",,mparra@silmarelectronics.com,2024-12-05 06:52 AM,1,1,Completed,SECO-LARM USA INC,2025-01-13 01:05 PM
2412010,2024-12-05 09:06 AM,Access Distribution Centre,,Returns@accessdistributioncentre.com,2024-12-05 06:44 AM,1,14,Issued RMA,SECO-LARM USA INC,2024-12-05 09:06 AM
2412009,2024-12-05 09:01 AM,Security Options,,support@securityoptionsltd.com,2024-12-05 06:35 AM,3,4,Completed,SECO-LARM USA INC,2025-01-13 12:38 PM
2412008,2024-12-04 04:47 PM,WESCO INC,,SAVANNAH.BRANDLE@WESCO.COM,2024-12-04 04:47 PM,1,10,Completed,SECO-LARM USA INC,2025-01-13 12:36 PM
2412007,2024-12-04 04:38 PM,BROOKLYN SUPPLY,,Nataliia.Podolets@blvs.com,2024-12-04 04:38 PM,1,1,Completed,SECO-LARM USA INC,2024-12-27 01:10 PM
2412006,2024-12-04 04:18 PM,Alarm Systems Ecuador S.A.,,frevelo@alarmsystemecuador.com.ec,2024-12-04 04:18 PM,4,7,Completed,SECO-LARM USA INC,2025-01-13 12:44 PM
2412005,2024-12-04 04:02 PM,Bott's Locksmith,,botlok@SBCglobal.net,2024-12-04 04:02 PM,1,1,Completed,SECO-LARM USA INC,2024-12-19 12:49 PM
2412004,2024-12-04 03:56 PM,ALL AROUND DISTRIBUTORS,,ALLAROUNDDIST@VERIZON.NET,2024-12-04 03:56 PM,1,1,Completed,SECO-LARM USA INC,2024-12-24 09:46 AM
2412003,2024-12-04 03:48 PM,Maverick Comm.,,brett@maverickinc.com,2024-12-04 03:48 PM,1,1,Issued RMA,SECO-LARM USA INC,2024-12-04 03:48 PM
2412002,2024-12-04 01:54 PM,Affordable Gate Systems LLC,,affordablegatesoffice@gmail.com,2024-12-04 01:54 PM,2,2,Completed,SECO-LARM USA INC,2024-12-19 12:46 PM
2412001,2024-12-04 01:33 PM,"Redrock Fence, INC",,redrockfence@comcast.net,2024-12-04 01:33 PM,1,1,Completed,SECO-LARM USA INC,2024-12-30 09:42 AM
